<?xml version="1.0" encoding="UTF-8"?>

<NewFormatters xmlns:xsi="http://www.w3.org/2001/XMLSchema-instance" xsi:noNamespaceSchemaLocation="opencms://system/modules/org.opencms.ade.config/schemas/formatters/new_formatter.xsd">
  <NewFormatter language="en">
    <NiceName><![CDATA[%(key.type.m-webform-data.formatter.submissiondetail)]]></NiceName>
    <Type><![CDATA[m-webform-data]]></Type>
    <Key><![CDATA[m/webform/submissions]]></Key>
    <Jsp>
      <link type="WEAK">
        <target><![CDATA[/system/modules/alkacon.mercury.template/formatters/webform/submissions.jsp]]></target>
        <uuid>f2223f04-343e-4426-b1a3-56bed12b617a</uuid>
      </link>
    </Jsp>
    <Description><![CDATA[%(key.type.m-webform-data.description.formatter)]]></Description>
    <Rank><![CDATA[1000]]></Rank>
    <Match>
      <Types>
        <ContainerType><![CDATA[list]]></ContainerType>
      </Types>
    </Match>
    <Display><![CDATA[true]]></Display>
    <AutoEnabled>false</AutoEnabled>
    <SearchContent>true</SearchContent>
    <StrictContainers>true</StrictContainers>
  </NewFormatter>
</NewFormatters>
