<?xml version="1.0" encoding="UTF-8"?>

<NewFormatters xmlns:xsi="http://www.w3.org/2001/XMLSchema-instance" xsi:noNamespaceSchemaLocation="opencms://system/modules/org.opencms.ade.config/schemas/formatters/new_formatter.xsd">
  <NewFormatter language="en">
    <NiceName><![CDATA[%(key.type.m-section.formatter.iconbox)]]></NiceName>
    <Type><![CDATA[m-section]]></Type>
    <Key><![CDATA[m/section/iconbox]]></Key>
    <Jsp>
      <link type="WEAK">
        <target><![CDATA[/system/modules/alkacon.mercury.template/formatters/section/iconbox.jsp]]></target>
        <uuid>c1518f35-449a-40ce-9ed8-2e8557cd32e0</uuid>
      </link>
    </Jsp>
    <Description><![CDATA[%(key.type.m-section.description.formatter) %(key.type.m-section.description.formatter.iconbox)]]></Description>
    <Rank><![CDATA[18000]]></Rank>
    <Match>
      <Types>
        <ContainerType><![CDATA[element]]></ContainerType>
        <ContainerType><![CDATA[m-element]]></ContainerType>
        <ContainerType><![CDATA[content-section]]></ContainerType>
        <ContainerType><![CDATA[iconbox]]></ContainerType>
      </Types>
    </Match>
    <AutoEnabled>false</AutoEnabled>
    <SearchContent>true</SearchContent>
    <StrictContainers>true</StrictContainers>
    <IncludeSettings>
      <link type="WEAK">
        <target><![CDATA[/system/modules/alkacon.mercury.template/configuration/shared-settings.xml]]></target>
        <uuid>77009936-87a5-42b3-86ff-90252ede0593</uuid>
      </link>
    </IncludeSettings>
    <Setting>
      <IncludeName><![CDATA[cssWrapper.default]]></IncludeName>
    </Setting>
    <Setting>
      <IncludeName><![CDATA[cssWrapper2.default]]></IncludeName>
    </Setting>
    <Setting>
      <IncludeName><![CDATA[cssWrapper3.default]]></IncludeName>
    </Setting>
    <Setting>
      <IncludeName><![CDATA[hsize.element.3]]></IncludeName>
    </Setting>
    <Setting>
      <IncludeName><![CDATA[iconClass.iconbox]]></IncludeName>
    </Setting>
  </NewFormatter>
</NewFormatters>
