<?xml version="1.0" encoding="UTF-8"?>

<NewFormatters xmlns:xsi="http://www.w3.org/2001/XMLSchema-instance" xsi:noNamespaceSchemaLocation="opencms://system/modules/org.opencms.ade.config/schemas/formatters/new_formatter.xsd">
  <NewFormatter language="en">
    <NiceName><![CDATA[%(key.type.m-section.formatter.imageflip-tile)]]></NiceName>
    <Type><![CDATA[m-section]]></Type>
    <Key><![CDATA[m/section/imageflip-rowtile]]></Key>
    <KeyAlias><![CDATA[m/section/imageflip-tile]]></KeyAlias>
    <Jsp>
      <link type="WEAK">
        <target><![CDATA[/system/modules/alkacon.mercury.template/formatters/section/imageflip.jsp]]></target>
        <uuid>83ef3908-fade-4e65-bd95-2f0ff1a5b168</uuid>
      </link>
    </Jsp>
    <Description><![CDATA[%(key.type.m-section.description.formatter) %(key.type.m-section.description.formatter.imageflip) %(key.type.general.description.tile-row)]]></Description>
    <Rank><![CDATA[8000]]></Rank>
    <Match>
      <Types>
        <ContainerType><![CDATA[tile]]></ContainerType>
        <ContainerType><![CDATA[imageflip-tile]]></ContainerType>
      </Types>
    </Match>
    <AutoEnabled>false</AutoEnabled>
    <SearchContent>true</SearchContent>
    <StrictContainers>true</StrictContainers>
    <IncludeSettings>
      <link type="WEAK">
        <target><![CDATA[/system/modules/alkacon.mercury.template/configuration/shared-settings.xml]]></target>
        <uuid>77009936-87a5-42b3-86ff-90252ede0593</uuid>
      </link>
    </IncludeSettings>
    <Setting>
      <IncludeName><![CDATA[cssWrapper.default]]></IncludeName>
    </Setting>
    <Setting>
      <IncludeName><![CDATA[hsize.element.2]]></IncludeName>
    </Setting>
    <Setting>
      <IncludeName><![CDATA[flipTitle.default]]></IncludeName>
    </Setting>
    <Setting>
      <IncludeName><![CDATA[imageRatio.imageflip]]></IncludeName>
    </Setting>
    <Setting>
      <IncludeName><![CDATA[effect.imageflip]]></IncludeName>
    </Setting>
    <Setting>
      <IncludeName><![CDATA[flipColor.grey]]></IncludeName>
    </Setting>
    <Setting>
      <IncludeName><![CDATA[showImageCopyright.default]]></IncludeName>
    </Setting>
    <Setting>
      <IncludeName><![CDATA[showTextFirst.false]]></IncludeName>
    </Setting>
    <Setting>
      <IncludeName><![CDATA[doNotFlip.false]]></IncludeName>
    </Setting>
    <Setting>
      <IncludeName><![CDATA[isTile.fixed.true]]></IncludeName>
    </Setting>
  </NewFormatter>
</NewFormatters>
