<?xml version="1.0" encoding="UTF-8"?>

<NewFormatters xmlns:xsi="http://www.w3.org/2001/XMLSchema-instance" xsi:noNamespaceSchemaLocation="opencms://system/modules/org.opencms.ade.config/schemas/formatters/new_formatter.xsd">
  <NewFormatter language="en">
    <NiceName><![CDATA[%(key.type.m-section.formatter.image-minimal)]]></NiceName>
    <Type><![CDATA[m-section]]></Type>
    <Key><![CDATA[m/section/image-minimal]]></Key>
    <Jsp>
      <link type="WEAK">
        <target><![CDATA[/system/modules/alkacon.mercury.template/formatters/section/image-minimal.jsp]]></target>
        <uuid>35a1a301-bf5f-4ac1-892c-fd6bdef114d1</uuid>
      </link>
    </Jsp>
    <Description><![CDATA[%(key.type.m-section.description.formatter) %(key.type.m-section.description.formatter.image-minimal)]]></Description>
    <Rank><![CDATA[5000]]></Rank>
    <Match>
      <Types>
        <ContainerType><![CDATA[header-visual]]></ContainerType>
        <ContainerType><![CDATA[image-minimal]]></ContainerType>
      </Types>
    </Match>
    <AutoEnabled>false</AutoEnabled>
    <SearchContent>false</SearchContent>
    <StrictContainers>true</StrictContainers>
    <IncludeSettings>
      <link type="WEAK">
        <target><![CDATA[/system/modules/alkacon.mercury.template/configuration/shared-settings.xml]]></target>
        <uuid>77009936-87a5-42b3-86ff-90252ede0593</uuid>
      </link>
    </IncludeSettings>
    <Setting>
      <IncludeName><![CDATA[cssWrapper.default]]></IncludeName>
    </Setting>
    <Setting>
      <IncludeName><![CDATA[showImageLink.false]]></IncludeName>
    </Setting>
  </NewFormatter>
</NewFormatters>
