<?xml version="1.0" encoding="UTF-8"?>

<NewFormatters xmlns:xsi="http://www.w3.org/2001/XMLSchema-instance" xsi:noNamespaceSchemaLocation="opencms://system/modules/org.opencms.ade.config/schemas/formatters/new_formatter.xsd">
  <NewFormatter language="en">
    <NiceName><![CDATA[%(key.type.m-section.formatter.linkbox)]]></NiceName>
    <Type><![CDATA[m-section]]></Type>
    <Key><![CDATA[m/section/linkbox]]></Key>
    <Jsp>
      <link type="WEAK">
        <target><![CDATA[/system/modules/alkacon.mercury.template/formatters/section/linkbox.jsp]]></target>
        <uuid>94edf781-5e93-11ed-bb3c-0242ac11002b</uuid>
      </link>
    </Jsp>
    <Description><![CDATA[%(key.type.m-section.description.formatter) %(key.type.m-section.description.formatter.linkbox)]]></Description>
    <Rank><![CDATA[19000]]></Rank>
    <Match>
      <Types>
        <ContainerType><![CDATA[element]]></ContainerType>
        <ContainerType><![CDATA[m-element]]></ContainerType>
        <ContainerType><![CDATA[content-section]]></ContainerType>
        <ContainerType><![CDATA[linkbox]]></ContainerType>
      </Types>
    </Match>
    <AutoEnabled>false</AutoEnabled>
    <SearchContent>true</SearchContent>
    <StrictContainers>true</StrictContainers>
    <IncludeSettings>
      <link type="WEAK">
        <target><![CDATA[/system/modules/alkacon.mercury.template/configuration/shared-settings.xml]]></target>
        <uuid>77009936-87a5-42b3-86ff-90252ede0593</uuid>
      </link>
    </IncludeSettings>
    <Setting>
      <IncludeName><![CDATA[cssWrapper.default]]></IncludeName>
    </Setting>
    <Setting>
      <IncludeName><![CDATA[cssWrapper2.default]]></IncludeName>
    </Setting>
    <Setting>
      <IncludeName><![CDATA[cssWrapper3.default]]></IncludeName>
    </Setting>
    <Setting>
      <IncludeName><![CDATA[hsize.element.2]]></IncludeName>
    </Setting>
    <Setting>
      <IncludeName><![CDATA[textOption.default]]></IncludeName>
    </Setting>
    <Setting>
      <IncludeName><![CDATA[linkOption.linkBox]]></IncludeName>
    </Setting>
    <Setting>
      <IncludeName><![CDATA[textAlignment.default]]></IncludeName>
    </Setting>
    <Setting>
      <IncludeName><![CDATA[boxRatio.default]]></IncludeName>
    </Setting>
    <Setting>
      <IncludeName><![CDATA[verticalAlignment.default]]></IncludeName>
    </Setting>
    <Setting>
      <IncludeName><![CDATA[effect.section.text-only]]></IncludeName>
    </Setting>
    <Setting>
      <IncludeName><![CDATA[cssVisibility.default]]></IncludeName>
    </Setting>
    <Setting>
      <IncludeName><![CDATA[pieceLayout.fixed.0]]></IncludeName>
    </Setting>
    <Setting>
      <IncludeName><![CDATA[visualOption.fixed.0]]></IncludeName>
    </Setting>
  </NewFormatter>
</NewFormatters>
