<?xml version="1.0" encoding="UTF-8"?>

<NewFormatters xmlns:xsi="http://www.w3.org/2001/XMLSchema-instance" xsi:noNamespaceSchemaLocation="opencms://system/modules/org.opencms.ade.config/schemas/formatters/new_formatter.xsd">
  <NewFormatter language="en">
    <NiceName><![CDATA[%(key.type.m-section.formatter.square)]]></NiceName>
    <Type><![CDATA[m-section]]></Type>
    <Key><![CDATA[m/section/square]]></Key>
    <Jsp>
      <link type="WEAK">
        <target><![CDATA[/system/modules/alkacon.mercury.template/formatters/section/square.jsp]]></target>
        <uuid>4b6b943b-a67e-4514-89a1-3b026f4ff084</uuid>
      </link>
    </Jsp>
    <Description><![CDATA[%(key.type.m-section.description.formatter) %(key.type.general.description.section)]]></Description>
    <Rank><![CDATA[18000]]></Rank>
    <Match>
      <Types>
        <ContainerType><![CDATA[tile]]></ContainerType>
        <ContainerType><![CDATA[square]]></ContainerType>
      </Types>
    </Match>
    <AutoEnabled>false</AutoEnabled>
    <SearchContent>true</SearchContent>
    <StrictContainers>true</StrictContainers>
    <IncludeSettings>
      <link type="WEAK">
        <target><![CDATA[/system/modules/alkacon.mercury.template/configuration/shared-settings.xml]]></target>
        <uuid>77009936-87a5-42b3-86ff-90252ede0593</uuid>
      </link>
    </IncludeSettings>
    <Setting>
      <IncludeName><![CDATA[cssWrapper.default]]></IncludeName>
    </Setting>
    <Setting>
      <IncludeName><![CDATA[cssWrapperInner.default]]></IncludeName>
    </Setting>
  </NewFormatter>
</NewFormatters>
