<?xml version="1.0" encoding="UTF-8"?>

<NewFormatters xmlns:xsi="http://www.w3.org/2001/XMLSchema-instance" xsi:noNamespaceSchemaLocation="opencms://system/modules/org.opencms.ade.config/schemas/formatters/new_formatter.xsd">
  <NewFormatter language="en">
    <NiceName><![CDATA[%(key.type.m-section.formatter.text-image)]]></NiceName>
    <Type><![CDATA[m-section]]></Type>
    <Key><![CDATA[m/section/text-image]]></Key>
    <Jsp>
      <link type="WEAK">
        <target><![CDATA[/system/modules/alkacon.mercury.template/formatters/section/content-section.jsp]]></target>
        <uuid>affdb581-e6fe-47fd-a455-915f7a3b44ec</uuid>
      </link>
    </Jsp>
    <Description><![CDATA[%(key.type.m-section.description.formatter) %(key.type.m-section.description.formatter.text-image)]]></Description>
    <Rank><![CDATA[22000]]></Rank>
    <Match>
      <Types>
        <ContainerType><![CDATA[element]]></ContainerType>
        <ContainerType><![CDATA[m-element]]></ContainerType>
        <ContainerType><![CDATA[content-section]]></ContainerType>
        <ContainerType><![CDATA[text-image]]></ContainerType>
      </Types>
    </Match>
    <AutoEnabled>false</AutoEnabled>
    <SearchContent>true</SearchContent>
    <StrictContainers>true</StrictContainers>
    <IncludeSettings>
      <link type="WEAK">
        <target><![CDATA[/system/modules/alkacon.mercury.template/configuration/shared-settings.xml]]></target>
        <uuid>77009936-87a5-42b3-86ff-90252ede0593</uuid>
      </link>
    </IncludeSettings>
    <Setting>
      <IncludeName><![CDATA[cssWrapper.default]]></IncludeName>
    </Setting>
    <Setting>
      <IncludeName><![CDATA[cssWrapper2.default]]></IncludeName>
    </Setting>
    <Setting>
      <IncludeName><![CDATA[cssWrapper3.default]]></IncludeName>
    </Setting>
    <Setting>
      <IncludeName><![CDATA[pieceLayout.all]]></IncludeName>
    </Setting>
    <Setting>
      <IncludeName><![CDATA[hsize.element.2]]></IncludeName>
    </Setting>
    <Setting>
      <IncludeName><![CDATA[textOption.default]]></IncludeName>
    </Setting>
    <Setting>
      <IncludeName><![CDATA[linkOption.default]]></IncludeName>
    </Setting>
    <Setting>
      <IncludeName><![CDATA[textAlignment.default]]></IncludeName>
    </Setting>
    <Setting>
      <IncludeName><![CDATA[visualOption.sizeMobile.piece]]></IncludeName>
    </Setting>
    <Setting>
      <IncludeName><![CDATA[visualOption.piece]]></IncludeName>
    </Setting>
    <Setting>
      <IncludeName><![CDATA[imageRatio.sizeMobile.default]]></IncludeName>
    </Setting>
    <Setting>
      <IncludeName><![CDATA[imageRatio.sizeDesktop.default]]></IncludeName>
    </Setting>
    <Setting>
      <IncludeName><![CDATA[effect.section.text-image]]></IncludeName>
    </Setting>
    <Setting>
      <IncludeName><![CDATA[cssVisibility.default]]></IncludeName>
    </Setting>
    <Setting>
      <IncludeName><![CDATA[showImageCopyright.default]]></IncludeName>
    </Setting>
    <Setting>
      <IncludeName><![CDATA[showImageSubtitle.true]]></IncludeName>
    </Setting>
    <Setting>
      <IncludeName><![CDATA[showImageZoom.true]]></IncludeName>
    </Setting>
    <Setting>
      <IncludeName><![CDATA[showImageLink.false]]></IncludeName>
    </Setting>
  </NewFormatter>
</NewFormatters>
