<?xml version="1.0" encoding="UTF-8"?>

<NewFormatters xmlns:xsi="http://www.w3.org/2001/XMLSchema-instance" xsi:noNamespaceSchemaLocation="opencms://system/modules/org.opencms.ade.config/schemas/formatters/new_formatter.xsd">
  <NewFormatter language="en">
    <NiceName><![CDATA[%(key.type.m-job.formatter.teaser.accordion)]]></NiceName>
    <Type><![CDATA[m-job]]></Type>
    <Key><![CDATA[m/display/accordion/job]]></Key>
    <Jsp>
      <link type="WEAK">
        <target><![CDATA[/system/modules/alkacon.mercury.template/formatters/display/accordion/job.jsp]]></target>
        <uuid>fba10afe-8d09-44ca-b31e-08e90eb44a00</uuid>
      </link>
    </Jsp>
    <Description><![CDATA[%(key.type.m-job.description.formatter) %(key.type.general.description.teaser.accordion) %(key.type.general.description.teaser.list-only-static)]]></Description>
    <Rank><![CDATA[11000]]></Rank>
    <Match>
      <Types>
        <ContainerType><![CDATA[accordion]]></ContainerType>
        <ContainerType><![CDATA[job]]></ContainerType>
      </Types>
    </Match>
    <Display><![CDATA[static:teaser-accordion]]></Display>
    <AutoEnabled>false</AutoEnabled>
    <SearchContent>true</SearchContent>
    <StrictContainers>true</StrictContainers>
    <IncludeSettings>
      <link type="WEAK">
        <target><![CDATA[/system/modules/alkacon.mercury.template/configuration/shared-settings.xml]]></target>
        <uuid>77009936-87a5-42b3-86ff-90252ede0593</uuid>
      </link>
    </IncludeSettings>
    <Setting>
      <IncludeName><![CDATA[cssWrapper.default]]></IncludeName>
    </Setting>
    <Setting>
      <IncludeName><![CDATA[hsize.listTeaser]]></IncludeName>
    </Setting>
    <Setting>
      <IncludeName><![CDATA[imageRatio.sizeMobile.default]]></IncludeName>
    </Setting>
    <Setting>
      <IncludeName><![CDATA[imageRatio.sizeDesktop.default]]></IncludeName>
    </Setting>
    <Setting>
      <IncludeName><![CDATA[firstOpen.true]]></IncludeName>
    </Setting>
    <Setting>
      <IncludeName><![CDATA[multipleOpen.false]]></IncludeName>
    </Setting>
    <Setting>
      <IncludeName><![CDATA[showImageZoom.true]]></IncludeName>
    </Setting>
    <Setting>
      <IncludeName><![CDATA[showImageCopyright.listTeaser]]></IncludeName>
    </Setting>
    <Setting>
      <IncludeName><![CDATA[showImageSubtitle.listTeaser]]></IncludeName>
    </Setting>
    <Setting>
      <IncludeName><![CDATA[listWrapper.accordion]]></IncludeName>
    </Setting>
    <Setting>
      <IncludeName><![CDATA[listEntryWrapper.accordion]]></IncludeName>
    </Setting>
    <Setting>
      <IncludeName><![CDATA[listTag.accordion]]></IncludeName>
    </Setting>
    <Setting>
      <IncludeName><![CDATA[listEntryMinHeight.125]]></IncludeName>
    </Setting>
    <Setting>
      <IncludeName><![CDATA[listCssWrapper.default]]></IncludeName>
    </Setting>
  </NewFormatter>
</NewFormatters>
