<?xml version="1.0" encoding="UTF-8"?>

<SitemapMasterConfigurations xmlns:xsi="http://www.w3.org/2001/XMLSchema-instance" xsi:noNamespaceSchemaLocation="opencms://system/modules/org.opencms.ade.config/schemas/sitemap_master_config.xsd">
  <SitemapMasterConfiguration language="en">
    <DiscardTypes>true</DiscardTypes>
    <TypeOrderingMode>true</TypeOrderingMode>
    <ResourceType>
      <TypeName><![CDATA[m-section]]></TypeName>
      <Disabled><![CDATA[false]]></Disabled>
      <Folder>
        <Name><![CDATA[section-m]]></Name>
      </Folder>
      <NamePattern><![CDATA[cs_%(number).xml]]></NamePattern>
      <Order><![CDATA[1000]]></Order>
      <ElementView/>
      <DetailPagesDisabled>true</DetailPagesDisabled>
      <CopyInModels>true</CopyInModels>
      <CheckReuse>true</CheckReuse>
    </ResourceType>
    <ResourceType>
      <TypeName><![CDATA[m-article]]></TypeName>
      <Disabled><![CDATA[false]]></Disabled>
      <Folder>
        <Name><![CDATA[article-m]]></Name>
      </Folder>
      <NamePattern><![CDATA[a_%(number).xml]]></NamePattern>
      <Order><![CDATA[1050]]></Order>
      <ElementView/>
      <ElementDeleteMode><![CDATA[askKeep]]></ElementDeleteMode>
      <CopyInModels>false</CopyInModels>
      <CheckReuse>true</CheckReuse>
    </ResourceType>
    <ResourceType>
      <TypeName><![CDATA[m-decoy]]></TypeName>
      <Disabled><![CDATA[false]]></Disabled>
      <Folder>
        <Name><![CDATA[decoy-m]]></Name>
      </Folder>
      <NamePattern><![CDATA[de_%(number).xml]]></NamePattern>
      <Order><![CDATA[1100]]></Order>
      <ElementView/>
      <ElementDeleteMode><![CDATA[askKeep]]></ElementDeleteMode>
      <DetailPagesDisabled>true</DetailPagesDisabled>
      <CopyInModels>false</CopyInModels>
      <CheckReuse>true</CheckReuse>
    </ResourceType>
    <ResourceType>
      <TypeName><![CDATA[m-event]]></TypeName>
      <Disabled><![CDATA[false]]></Disabled>
      <Folder>
        <Name><![CDATA[event-m]]></Name>
      </Folder>
      <NamePattern><![CDATA[ev_%(number).xml]]></NamePattern>
      <Order><![CDATA[1150]]></Order>
      <ElementView/>
      <ElementDeleteMode><![CDATA[askKeep]]></ElementDeleteMode>
      <CopyInModels>false</CopyInModels>
      <CheckReuse>true</CheckReuse>
    </ResourceType>
    <ResourceType>
      <TypeName><![CDATA[m-imageseries]]></TypeName>
      <Disabled><![CDATA[false]]></Disabled>
      <Folder>
        <Name><![CDATA[imageseries-m]]></Name>
      </Folder>
      <NamePattern><![CDATA[imgseries_%(number).xml]]></NamePattern>
      <Order><![CDATA[1200]]></Order>
      <ElementView/>
      <CopyInModels>false</CopyInModels>
      <CheckReuse>true</CheckReuse>
    </ResourceType>
    <ResourceType>
      <TypeName><![CDATA[m-media]]></TypeName>
      <Disabled><![CDATA[false]]></Disabled>
      <Folder>
        <Name><![CDATA[media-m]]></Name>
      </Folder>
      <NamePattern><![CDATA[media_%(number).xml]]></NamePattern>
      <Order><![CDATA[1250]]></Order>
      <ElementView/>
      <ElementDeleteMode><![CDATA[askKeep]]></ElementDeleteMode>
      <CopyInModels>false</CopyInModels>
      <CheckReuse>true</CheckReuse>
    </ResourceType>
    <ResourceType>
      <TypeName><![CDATA[m-organization]]></TypeName>
      <Disabled><![CDATA[false]]></Disabled>
      <Folder>
        <Name><![CDATA[organization-m]]></Name>
      </Folder>
      <NamePattern><![CDATA[org_%(number).xml]]></NamePattern>
      <Order><![CDATA[1290]]></Order>
      <ElementView/>
      <CopyInModels>true</CopyInModels>
      <CheckReuse>true</CheckReuse>
    </ResourceType>
    <ResourceType>
      <TypeName><![CDATA[m-person]]></TypeName>
      <Disabled><![CDATA[false]]></Disabled>
      <Folder>
        <Name><![CDATA[person-m]]></Name>
      </Folder>
      <NamePattern><![CDATA[per_%(number).xml]]></NamePattern>
      <Order><![CDATA[1295]]></Order>
      <ElementView/>
      <CopyInModels>true</CopyInModels>
      <CheckReuse>true</CheckReuse>
    </ResourceType>
    <ResourceType>
      <TypeName><![CDATA[m-contact]]></TypeName>
      <Disabled><![CDATA[add]]></Disabled>
      <Folder>
        <Name><![CDATA[contact-m]]></Name>
      </Folder>
      <NamePattern><![CDATA[ci_%(number).xml]]></NamePattern>
      <Order><![CDATA[1300]]></Order>
      <ElementView/>
      <CopyInModels>true</CopyInModels>
      <CheckReuse>true</CheckReuse>
    </ResourceType>
    <ResourceType>
      <TypeName><![CDATA[m-poi]]></TypeName>
      <Disabled><![CDATA[false]]></Disabled>
      <Folder>
        <Name><![CDATA[poi-m]]></Name>
      </Folder>
      <NamePattern><![CDATA[poi_%(number).xml]]></NamePattern>
      <Order><![CDATA[1350]]></Order>
      <ElementView/>
      <ElementDeleteMode><![CDATA[askKeep]]></ElementDeleteMode>
      <CopyInModels>false</CopyInModels>
      <CheckReuse>true</CheckReuse>
    </ResourceType>
    <ResourceType>
      <TypeName><![CDATA[m-map]]></TypeName>
      <Disabled><![CDATA[false]]></Disabled>
      <Folder>
        <Name><![CDATA[map-m]]></Name>
      </Folder>
      <NamePattern><![CDATA[map_%(number).xml]]></NamePattern>
      <Order><![CDATA[1400]]></Order>
      <ElementView/>
      <DetailPagesDisabled>true</DetailPagesDisabled>
      <CopyInModels>true</CopyInModels>
      <CheckReuse>true</CheckReuse>
    </ResourceType>
    <ResourceType>
      <TypeName><![CDATA[m-linksequence]]></TypeName>
      <Disabled><![CDATA[false]]></Disabled>
      <Folder>
        <Name><![CDATA[linksequence-m]]></Name>
      </Folder>
      <NamePattern><![CDATA[ls_%(number).xml]]></NamePattern>
      <Order><![CDATA[1450]]></Order>
      <ElementView/>
      <DetailPagesDisabled>true</DetailPagesDisabled>
      <CopyInModels>true</CopyInModels>
      <CheckReuse>true</CheckReuse>
    </ResourceType>
    <ResourceType>
      <TypeName><![CDATA[m-faq]]></TypeName>
      <Disabled><![CDATA[false]]></Disabled>
      <Folder>
        <Name><![CDATA[faq-m]]></Name>
      </Folder>
      <NamePattern><![CDATA[faq_%(number).xml]]></NamePattern>
      <Order><![CDATA[1500]]></Order>
      <ElementView/>
      <ElementDeleteMode><![CDATA[askKeep]]></ElementDeleteMode>
      <CopyInModels>false</CopyInModels>
      <CheckReuse>true</CheckReuse>
    </ResourceType>
    <ResourceType>
      <TypeName><![CDATA[m-job]]></TypeName>
      <Disabled><![CDATA[false]]></Disabled>
      <Folder>
        <Name><![CDATA[job-m]]></Name>
      </Folder>
      <NamePattern><![CDATA[job_%(number).xml]]></NamePattern>
      <Order><![CDATA[1550]]></Order>
      <ElementView/>
      <ElementDeleteMode><![CDATA[askKeep]]></ElementDeleteMode>
      <CopyInModels>false</CopyInModels>
      <CheckReuse>true</CheckReuse>
    </ResourceType>
    <ResourceType>
      <TypeName><![CDATA[m-slider]]></TypeName>
      <Disabled><![CDATA[false]]></Disabled>
      <Folder>
        <Name><![CDATA[slider-m]]></Name>
      </Folder>
      <NamePattern><![CDATA[slider_%(number).xml]]></NamePattern>
      <Order><![CDATA[1600]]></Order>
      <ElementView/>
      <DetailPagesDisabled>true</DetailPagesDisabled>
      <CopyInModels>true</CopyInModels>
      <CheckReuse>true</CheckReuse>
    </ResourceType>
    <ResourceType>
      <TypeName><![CDATA[listconfig]]></TypeName>
      <Disabled><![CDATA[false]]></Disabled>
      <Folder>
        <Name><![CDATA[list-m]]></Name>
      </Folder>
      <NamePattern><![CDATA[list_%(number).xml]]></NamePattern>
      <Order><![CDATA[2000]]></Order>
      <ElementView>
        <link internal="true" type="WEAK">
          <target><![CDATA[/system/modules/alkacon.mercury.template/elementviews/advanced.xml]]></target>
          <uuid>2fcbabc9-d6fd-4274-9e0c-4732a6e13769</uuid>
        </link>
      </ElementView>
      <DetailPagesDisabled>true</DetailPagesDisabled>
      <CheckReuse>true</CheckReuse>
    </ResourceType>
    <ResourceType>
      <TypeName><![CDATA[m-metainfo]]></TypeName>
      <Disabled><![CDATA[false]]></Disabled>
      <Folder>
        <Name><![CDATA[metainfo-m]]></Name>
      </Folder>
      <NamePattern><![CDATA[meta_%(number).xml]]></NamePattern>
      <Order><![CDATA[2050]]></Order>
      <ElementView>
        <link internal="true" type="WEAK">
          <target><![CDATA[/system/modules/alkacon.mercury.template/elementviews/advanced.xml]]></target>
          <uuid>2fcbabc9-d6fd-4274-9e0c-4732a6e13769</uuid>
        </link>
      </ElementView>
      <ElementDeleteMode><![CDATA[askDelete]]></ElementDeleteMode>
      <DetailPagesDisabled>true</DetailPagesDisabled>
      <CopyInModels>true</CopyInModels>
      <CheckReuse>true</CheckReuse>
    </ResourceType>
    <ResourceType>
      <TypeName><![CDATA[m-navigation]]></TypeName>
      <Disabled><![CDATA[false]]></Disabled>
      <Folder>
        <Name><![CDATA[navigation-m]]></Name>
      </Folder>
      <NamePattern><![CDATA[nav_%(number).xml]]></NamePattern>
      <Order><![CDATA[2100]]></Order>
      <ElementView>
        <link internal="true" type="WEAK">
          <target><![CDATA[/system/modules/alkacon.mercury.template/elementviews/advanced.xml]]></target>
          <uuid>2fcbabc9-d6fd-4274-9e0c-4732a6e13769</uuid>
        </link>
      </ElementView>
      <ElementDeleteMode><![CDATA[askKeep]]></ElementDeleteMode>
      <DetailPagesDisabled>true</DetailPagesDisabled>
      <CopyInModels>false</CopyInModels>
    </ResourceType>
    <ResourceType>
      <TypeName><![CDATA[m-webform]]></TypeName>
      <Disabled><![CDATA[false]]></Disabled>
      <Folder>
        <Name><![CDATA[webform-m]]></Name>
      </Folder>
      <NamePattern><![CDATA[wf_%(number).xml]]></NamePattern>
      <Order><![CDATA[2150]]></Order>
      <ElementView>
        <link internal="true" type="WEAK">
          <target><![CDATA[/system/modules/alkacon.mercury.template/elementviews/advanced.xml]]></target>
          <uuid>2fcbabc9-d6fd-4274-9e0c-4732a6e13769</uuid>
        </link>
      </ElementView>
      <DetailPagesDisabled>true</DetailPagesDisabled>
      <CheckReuse>true</CheckReuse>
    </ResourceType>
    <ResourceType>
      <TypeName><![CDATA[m-webform-data]]></TypeName>
      <Disabled><![CDATA[add]]></Disabled>
      <ElementView>
        <link internal="true" type="WEAK">
          <target><![CDATA[/system/modules/alkacon.mercury.template/elementviews/advanced.xml]]></target>
          <uuid>2fcbabc9-d6fd-4274-9e0c-4732a6e13769</uuid>
        </link>
      </ElementView>
      <DetailPagesDisabled>true</DetailPagesDisabled>
      <CheckReuse>true</CheckReuse>
    </ResourceType>
    <ResourceType>
      <TypeName><![CDATA[m-tab]]></TypeName>
      <Disabled><![CDATA[false]]></Disabled>
      <Folder>
        <Name><![CDATA[tab-m]]></Name>
      </Folder>
      <NamePattern><![CDATA[tab_%(number).xml]]></NamePattern>
      <Order><![CDATA[2200]]></Order>
      <ElementView>
        <link internal="true" type="WEAK">
          <target><![CDATA[/system/modules/alkacon.mercury.template/elementviews/advanced.xml]]></target>
          <uuid>2fcbabc9-d6fd-4274-9e0c-4732a6e13769</uuid>
        </link>
      </ElementView>
      <DetailPagesDisabled>true</DetailPagesDisabled>
      <CopyInModels>true</CopyInModels>
      <CheckReuse>true</CheckReuse>
    </ResourceType>
    <ResourceType>
      <TypeName><![CDATA[m-flexible]]></TypeName>
      <Disabled><![CDATA[false]]></Disabled>
      <Folder>
        <Name><![CDATA[flexible-m]]></Name>
      </Folder>
      <NamePattern><![CDATA[fc_%(number).xml]]></NamePattern>
      <Order><![CDATA[2250]]></Order>
      <ElementView>
        <link internal="true" type="WEAK">
          <target><![CDATA[/system/modules/alkacon.mercury.template/elementviews/advanced.xml]]></target>
          <uuid>2fcbabc9-d6fd-4274-9e0c-4732a6e13769</uuid>
        </link>
      </ElementView>
      <DetailPagesDisabled>true</DetailPagesDisabled>
      <CopyInModels>true</CopyInModels>
      <CheckReuse>true</CheckReuse>
    </ResourceType>
    <ResourceType>
      <TypeName><![CDATA[m-sitemap]]></TypeName>
      <Disabled><![CDATA[false]]></Disabled>
      <Folder>
        <Name><![CDATA[sitemap-m]]></Name>
      </Folder>
      <NamePattern><![CDATA[sitemap_%(number).xml]]></NamePattern>
      <Order><![CDATA[2300]]></Order>
      <ElementView>
        <link internal="true" type="WEAK">
          <target><![CDATA[/system/modules/alkacon.mercury.template/elementviews/advanced.xml]]></target>
          <uuid>2fcbabc9-d6fd-4274-9e0c-4732a6e13769</uuid>
        </link>
      </ElementView>
      <DetailPagesDisabled>true</DetailPagesDisabled>
      <CopyInModels>false</CopyInModels>
      <CheckReuse>true</CheckReuse>
    </ResourceType>
    <ResourceType>
      <TypeName><![CDATA[m-shariff]]></TypeName>
      <Disabled><![CDATA[false]]></Disabled>
      <Folder>
        <Name><![CDATA[shariff-m]]></Name>
      </Folder>
      <NamePattern><![CDATA[shariff_%(number).xml]]></NamePattern>
      <Order><![CDATA[2350]]></Order>
      <ElementView>
        <link internal="true" type="WEAK">
          <target><![CDATA[/system/modules/alkacon.mercury.template/elementviews/advanced.xml]]></target>
          <uuid>2fcbabc9-d6fd-4274-9e0c-4732a6e13769</uuid>
        </link>
      </ElementView>
      <DetailPagesDisabled>true</DetailPagesDisabled>
      <CopyInModels>false</CopyInModels>
    </ResourceType>
    <ResourceType>
      <TypeName><![CDATA[modelgroup]]></TypeName>
      <Disabled><![CDATA[false]]></Disabled>
      <Order><![CDATA[9600]]></Order>
      <ElementView>
        <link internal="true" type="WEAK">
          <target><![CDATA[/system/modules/alkacon.mercury.template/elementviews/advanced.xml]]></target>
          <uuid>2fcbabc9-d6fd-4274-9e0c-4732a6e13769</uuid>
        </link>
      </ElementView>
    </ResourceType>
    <ResourceType>
      <TypeName><![CDATA[function_config]]></TypeName>
      <Disabled><![CDATA[false]]></Disabled>
      <Order><![CDATA[9700]]></Order>
      <ElementView>
        <link internal="true" type="WEAK">
          <target><![CDATA[/system/modules/alkacon.mercury.template/elementviews/advanced.xml]]></target>
          <uuid>2fcbabc9-d6fd-4274-9e0c-4732a6e13769</uuid>
        </link>
      </ElementView>
    </ResourceType>
    <ResourceType>
      <TypeName><![CDATA[m-layout-row-simple]]></TypeName>
      <Disabled><![CDATA[create]]></Disabled>
      <Folder>
        <Name><![CDATA[layout-row-m]]></Name>
      </Folder>
      <NamePattern><![CDATA[lr_%(number).xml]]></NamePattern>
      <Order><![CDATA[3000]]></Order>
      <ElementView>
        <link internal="true" type="WEAK">
          <target><![CDATA[/system/modules/alkacon.mercury.template/elementviews/template.xml]]></target>
          <uuid>fff4b5f1-5d6b-4220-86b9-ece3579bda69</uuid>
        </link>
      </ElementView>
      <ElementDeleteMode><![CDATA[alwaysKeep]]></ElementDeleteMode>
      <DetailPagesDisabled>true</DetailPagesDisabled>
      <CopyInModels>false</CopyInModels>
    </ResourceType>
    <ResourceType>
      <TypeName><![CDATA[m-layout-group-simple]]></TypeName>
      <Disabled><![CDATA[create]]></Disabled>
      <Folder>
        <Name><![CDATA[layout-group-m]]></Name>
      </Folder>
      <NamePattern><![CDATA[lg_%(number).xml]]></NamePattern>
      <Order><![CDATA[3100]]></Order>
      <ElementView>
        <link internal="true" type="WEAK">
          <target><![CDATA[/system/modules/alkacon.mercury.template/elementviews/template.xml]]></target>
          <uuid>fff4b5f1-5d6b-4220-86b9-ece3579bda69</uuid>
        </link>
      </ElementView>
      <ElementDeleteMode><![CDATA[alwaysKeep]]></ElementDeleteMode>
      <DetailPagesDisabled>true</DetailPagesDisabled>
      <CopyInModels>false</CopyInModels>
    </ResourceType>
    <ResourceType>
      <TypeName><![CDATA[m-layout-area-simple]]></TypeName>
      <Disabled><![CDATA[create]]></Disabled>
      <Folder>
        <Name><![CDATA[layout-area-m]]></Name>
      </Folder>
      <NamePattern><![CDATA[la_%(number).xml]]></NamePattern>
      <Order><![CDATA[3200]]></Order>
      <ElementView>
        <link internal="true" type="WEAK">
          <target><![CDATA[/system/modules/alkacon.mercury.template/elementviews/template.xml]]></target>
          <uuid>fff4b5f1-5d6b-4220-86b9-ece3579bda69</uuid>
        </link>
      </ElementView>
      <ElementDeleteMode><![CDATA[alwaysKeep]]></ElementDeleteMode>
      <DetailPagesDisabled>true</DetailPagesDisabled>
      <CopyInModels>false</CopyInModels>
    </ResourceType>
    <ResourceType>
      <TypeName><![CDATA[m-layout-row-complex]]></TypeName>
      <Disabled><![CDATA[false]]></Disabled>
      <Folder>
        <Name><![CDATA[layout-row-custom-m]]></Name>
      </Folder>
      <NamePattern><![CDATA[clr_%(number).xml]]></NamePattern>
      <Order><![CDATA[3300]]></Order>
      <ElementView>
        <link internal="true" type="WEAK">
          <target><![CDATA[/system/modules/alkacon.mercury.template/elementviews/template.xml]]></target>
          <uuid>fff4b5f1-5d6b-4220-86b9-ece3579bda69</uuid>
        </link>
      </ElementView>
      <ElementDeleteMode><![CDATA[alwaysKeep]]></ElementDeleteMode>
      <DetailPagesDisabled>true</DetailPagesDisabled>
      <CopyInModels>false</CopyInModels>
      <CheckReuse>true</CheckReuse>
    </ResourceType>
    <ResourceType>
      <TypeName><![CDATA[m-layout-area-complex]]></TypeName>
      <Disabled><![CDATA[false]]></Disabled>
      <Folder>
        <Name><![CDATA[layout-area-custom-m]]></Name>
      </Folder>
      <NamePattern><![CDATA[cla_%(number).xml]]></NamePattern>
      <Order><![CDATA[3400]]></Order>
      <ElementView>
        <link internal="true" type="WEAK">
          <target><![CDATA[/system/modules/alkacon.mercury.template/elementviews/template.xml]]></target>
          <uuid>fff4b5f1-5d6b-4220-86b9-ece3579bda69</uuid>
        </link>
      </ElementView>
      <ElementDeleteMode><![CDATA[alwaysKeep]]></ElementDeleteMode>
      <DetailPagesDisabled>true</DetailPagesDisabled>
      <CopyInModels>false</CopyInModels>
      <CheckReuse>true</CheckReuse>
    </ResourceType>
    <ResourceType>
      <TypeName><![CDATA[m-privacypolicy]]></TypeName>
      <Disabled><![CDATA[add]]></Disabled>
      <ElementView/>
    </ResourceType>
    <UseFormatterKeys>true</UseFormatterKeys>
    <RemoveAllFormatters>true</RemoveAllFormatters>
    <AddFormatters>
      <AddFormatter>
        <link type="WEAK">
          <target><![CDATA[/system/modules/alkacon.mercury.template/formatters/detail/article.xml]]></target>
          <uuid>b0a2064a-c696-42ba-adee-576c9927e8bf</uuid>
        </link>
      </AddFormatter>
      <AddFormatter>
        <link type="WEAK">
          <target><![CDATA[/system/modules/alkacon.mercury.template/formatters/display/article-compact.xml]]></target>
          <uuid>3e5715df-c95c-4f64-8d53-69d19324dd2e</uuid>
        </link>
      </AddFormatter>
      <AddFormatter>
        <link type="WEAK">
          <target><![CDATA[/system/modules/alkacon.mercury.template/formatters/display/article-elaborate.xml]]></target>
          <uuid>98f8a594-86c6-4899-9559-a418b663ff57</uuid>
        </link>
      </AddFormatter>
      <AddFormatter>
        <link type="WEAK">
          <target><![CDATA[/system/modules/alkacon.mercury.template/formatters/display/article-text-tile.xml]]></target>
          <uuid>04fff1a9-01cb-41c8-bd70-d438540e63fd</uuid>
        </link>
      </AddFormatter>
      <AddFormatter>
        <link type="WEAK">
          <target><![CDATA[/system/modules/alkacon.mercury.template/formatters/display/article-masonry.xml]]></target>
          <uuid>79931ce7-4693-40a8-94b5-b0b197686ba6</uuid>
        </link>
      </AddFormatter>
      <AddFormatter>
        <link type="WEAK">
          <target><![CDATA[/system/modules/alkacon.mercury.template/formatters/display/accordion/article.xml]]></target>
          <uuid>6c79ad11-f536-4314-ae7d-ee8bc3d76b36</uuid>
        </link>
      </AddFormatter>
      <AddFormatter>
        <link type="WEAK">
          <target><![CDATA[/system/modules/alkacon.mercury.template/formatters/display/imagetile/article.xml]]></target>
          <uuid>794441db-3bfa-11e9-a38a-0242ac11002b</uuid>
        </link>
      </AddFormatter>
      <AddFormatter>
        <link type="WEAK">
          <target><![CDATA[/system/modules/alkacon.mercury.template/formatters/display/decoy-compact.xml]]></target>
          <uuid>441f7ab0-5513-4e49-a31c-7b5cf5c5a12e</uuid>
        </link>
      </AddFormatter>
      <AddFormatter>
        <link type="WEAK">
          <target><![CDATA[/system/modules/alkacon.mercury.template/formatters/display/decoy-elaborate.xml]]></target>
          <uuid>4eb911ff-6e06-4fdc-ba25-1865d6c5f1f5</uuid>
        </link>
      </AddFormatter>
      <AddFormatter>
        <link type="WEAK">
          <target><![CDATA[/system/modules/alkacon.mercury.template/formatters/display/decoy-text-tile.xml]]></target>
          <uuid>a6d383c5-21f4-4cb4-8826-a305ce75fefa</uuid>
        </link>
      </AddFormatter>
      <AddFormatter>
        <link type="WEAK">
          <target><![CDATA[/system/modules/alkacon.mercury.template/formatters/display/decoy-masonry.xml]]></target>
          <uuid>278a13bc-4cba-4f74-92f1-b98d9fad52c8</uuid>
        </link>
      </AddFormatter>
      <AddFormatter>
        <link type="WEAK">
          <target><![CDATA[/system/modules/alkacon.mercury.template/formatters/display/accordion/decoy.xml]]></target>
          <uuid>e80f3703-a732-4e21-a3a3-ae00e0122947</uuid>
        </link>
      </AddFormatter>
      <AddFormatter>
        <link type="WEAK">
          <target><![CDATA[/system/modules/alkacon.mercury.template/formatters/display/imagetile/decoy.xml]]></target>
          <uuid>7eef8557-3bfa-11e9-a38a-0242ac11002b</uuid>
        </link>
      </AddFormatter>
      <AddFormatter>
        <link type="WEAK">
          <target><![CDATA[/system/modules/alkacon.mercury.template/formatters/detail/event.xml]]></target>
          <uuid>ccfbdd4a-863d-4424-b325-a709098b00c5</uuid>
        </link>
      </AddFormatter>
      <AddFormatter>
        <link type="WEAK">
          <target><![CDATA[/system/modules/alkacon.mercury.template/formatters/display/event-compact.xml]]></target>
          <uuid>5554472b-9449-4593-bdd5-fff73fd895e6</uuid>
        </link>
      </AddFormatter>
      <AddFormatter>
        <link type="WEAK">
          <target><![CDATA[/system/modules/alkacon.mercury.template/formatters/display/event-elaborate.xml]]></target>
          <uuid>514d402e-bd6f-4a32-90bc-bb3a84db9931</uuid>
        </link>
      </AddFormatter>
      <AddFormatter>
        <link type="WEAK">
          <target><![CDATA[/system/modules/alkacon.mercury.template/formatters/display/event-text-tile.xml]]></target>
          <uuid>2811daab-5d46-4a15-87cb-473bbb7d0017</uuid>
        </link>
      </AddFormatter>
      <AddFormatter>
        <link type="WEAK">
          <target><![CDATA[/system/modules/alkacon.mercury.template/formatters/display/event-masonry.xml]]></target>
          <uuid>336a0be1-5d34-476b-8cb9-226da9b06da5</uuid>
        </link>
      </AddFormatter>
      <AddFormatter>
        <link type="WEAK">
          <target><![CDATA[/system/modules/alkacon.mercury.template/formatters/display/accordion/event.xml]]></target>
          <uuid>8589014d-12f3-4483-976c-50852ee7aeb7</uuid>
        </link>
      </AddFormatter>
      <AddFormatter>
        <link type="WEAK">
          <target><![CDATA[/system/modules/alkacon.mercury.template/formatters/display/imagetile/event.xml]]></target>
          <uuid>8489fff3-3bfa-11e9-a38a-0242ac11002b</uuid>
        </link>
      </AddFormatter>
      <AddFormatter>
        <link type="WEAK">
          <target><![CDATA[/system/modules/alkacon.mercury.template/formatters/detail/imageseries.xml]]></target>
          <uuid>979984f6-6149-4f2b-8968-a0a60d62a0b5</uuid>
        </link>
      </AddFormatter>
      <AddFormatter>
        <link type="WEAK">
          <target><![CDATA[/system/modules/alkacon.mercury.template/formatters/display/imageseries-compact.xml]]></target>
          <uuid>5a743e74-8c73-427c-8a68-cd45038d2650</uuid>
        </link>
      </AddFormatter>
      <AddFormatter>
        <link type="WEAK">
          <target><![CDATA[/system/modules/alkacon.mercury.template/formatters/display/imageseries-elaborate.xml]]></target>
          <uuid>a7cb514a-b3ea-448b-95ca-f6e7b040c0f0</uuid>
        </link>
      </AddFormatter>
      <AddFormatter>
        <link type="WEAK">
          <target><![CDATA[/system/modules/alkacon.mercury.template/formatters/display/imageseries-text-tile.xml]]></target>
          <uuid>e617f1f1-36c3-4925-b09c-5b77f6ef56bd</uuid>
        </link>
      </AddFormatter>
      <AddFormatter>
        <link type="WEAK">
          <target><![CDATA[/system/modules/alkacon.mercury.template/formatters/display/imageseries-masonry.xml]]></target>
          <uuid>99827166-2c67-423b-be67-a3523ad73776</uuid>
        </link>
      </AddFormatter>
      <AddFormatter>
        <link type="WEAK">
          <target><![CDATA[/system/modules/alkacon.mercury.template/formatters/display/accordion/imageseries.xml]]></target>
          <uuid>0d0f00d0-4635-4127-952a-9f7ec8475f05</uuid>
        </link>
      </AddFormatter>
      <AddFormatter>
        <link type="WEAK">
          <target><![CDATA[/system/modules/alkacon.mercury.template/formatters/detail/media.xml]]></target>
          <uuid>56ca4e7e-aba4-454d-8458-b23589f1918a</uuid>
        </link>
      </AddFormatter>
      <AddFormatter>
        <link type="WEAK">
          <target><![CDATA[/system/modules/alkacon.mercury.template/formatters/display/media-compact.xml]]></target>
          <uuid>14fc1a56-1094-4b6e-a65f-0007024397f0</uuid>
        </link>
      </AddFormatter>
      <AddFormatter>
        <link type="WEAK">
          <target><![CDATA[/system/modules/alkacon.mercury.template/formatters/display/media-elaborate.xml]]></target>
          <uuid>1295a777-6dbd-4b9b-b7f2-edcd9c53800e</uuid>
        </link>
      </AddFormatter>
      <AddFormatter>
        <link type="WEAK">
          <target><![CDATA[/system/modules/alkacon.mercury.template/formatters/display/media-text-tile.xml]]></target>
          <uuid>0f65d461-09b9-43e3-8f78-f731cce7dac4</uuid>
        </link>
      </AddFormatter>
      <AddFormatter>
        <link type="WEAK">
          <target><![CDATA[/system/modules/alkacon.mercury.template/formatters/display/media-masonry.xml]]></target>
          <uuid>fc65186e-3c61-409d-b765-48c32ebb8fb5</uuid>
        </link>
      </AddFormatter>
      <AddFormatter>
        <link type="WEAK">
          <target><![CDATA[/system/modules/alkacon.mercury.template/formatters/display/accordion/media.xml]]></target>
          <uuid>67263c3c-9367-4d26-b672-6ffc0df9303a</uuid>
        </link>
      </AddFormatter>
      <AddFormatter>
        <link type="WEAK">
          <target><![CDATA[/system/modules/alkacon.mercury.template/formatters/display/imagetile/media.xml]]></target>
          <uuid>9064f91e-3bfa-11e9-a38a-0242ac11002b</uuid>
        </link>
      </AddFormatter>
      <AddFormatter>
        <link type="WEAK">
          <target><![CDATA[/system/modules/alkacon.mercury.template/formatters/detail/faq.xml]]></target>
          <uuid>a446655b-6c2d-4c89-90fa-e9e82424f68c</uuid>
        </link>
      </AddFormatter>
      <AddFormatter>
        <link type="WEAK">
          <target><![CDATA[/system/modules/alkacon.mercury.template/formatters/display/faq-compact.xml]]></target>
          <uuid>9fc5f19a-177f-48d5-9040-0adb6de9ac2a</uuid>
        </link>
      </AddFormatter>
      <AddFormatter>
        <link type="WEAK">
          <target><![CDATA[/system/modules/alkacon.mercury.template/formatters/display/faq-elaborate.xml]]></target>
          <uuid>3ee95f3e-b9a0-486d-9a24-1a67bd5d8941</uuid>
        </link>
      </AddFormatter>
      <AddFormatter>
        <link type="WEAK">
          <target><![CDATA[/system/modules/alkacon.mercury.template/formatters/display/faq-text-tile.xml]]></target>
          <uuid>0bc55ee2-e595-4263-8b30-fa6ef3f7d125</uuid>
        </link>
      </AddFormatter>
      <AddFormatter>
        <link type="WEAK">
          <target><![CDATA[/system/modules/alkacon.mercury.template/formatters/display/faq-masonry.xml]]></target>
          <uuid>c7326852-eca2-4989-b19d-4880e3d05a67</uuid>
        </link>
      </AddFormatter>
      <AddFormatter>
        <link type="WEAK">
          <target><![CDATA[/system/modules/alkacon.mercury.template/formatters/display/accordion/faq.xml]]></target>
          <uuid>5f11a31c-bd36-4b15-a7fe-a52258ae8111</uuid>
        </link>
      </AddFormatter>
      <AddFormatter>
        <link type="WEAK">
          <target><![CDATA[/system/modules/alkacon.mercury.template/formatters/detail/job.xml]]></target>
          <uuid>26695d25-f14d-4e37-8d13-d07db894db70</uuid>
        </link>
      </AddFormatter>
      <AddFormatter>
        <link type="WEAK">
          <target><![CDATA[/system/modules/alkacon.mercury.template/formatters/display/job-compact.xml]]></target>
          <uuid>be42f6c2-e49d-4a83-a1d5-6d0f0ef211ef</uuid>
        </link>
      </AddFormatter>
      <AddFormatter>
        <link type="WEAK">
          <target><![CDATA[/system/modules/alkacon.mercury.template/formatters/display/job-elaborate.xml]]></target>
          <uuid>3f8405ac-63bc-4bcd-93b3-509713a2a789</uuid>
        </link>
      </AddFormatter>
      <AddFormatter>
        <link type="WEAK">
          <target><![CDATA[/system/modules/alkacon.mercury.template/formatters/display/job-text-tile.xml]]></target>
          <uuid>cf8438b5-c7db-46d5-a1b7-d6fc8a3da32f</uuid>
        </link>
      </AddFormatter>
      <AddFormatter>
        <link type="WEAK">
          <target><![CDATA[/system/modules/alkacon.mercury.template/formatters/display/job-masonry.xml]]></target>
          <uuid>abaeb980-847b-4c23-9cc0-345a8d8085eb</uuid>
        </link>
      </AddFormatter>
      <AddFormatter>
        <link type="WEAK">
          <target><![CDATA[/system/modules/alkacon.mercury.template/formatters/display/accordion/job.xml]]></target>
          <uuid>5d196ed1-9f2e-4390-9f76-ee3da38d165c</uuid>
        </link>
      </AddFormatter>
      <AddFormatter>
        <link type="WEAK">
          <target><![CDATA[/system/modules/alkacon.mercury.template/formatters/detail/person.xml]]></target>
          <uuid>b6a18ce3-72cf-11ec-b443-0242ac11002b</uuid>
        </link>
      </AddFormatter>
      <AddFormatter>
        <link type="WEAK">
          <target><![CDATA[/system/modules/alkacon.mercury.template/formatters/detail/organization.xml]]></target>
          <uuid>403bfdbe-72d0-11ec-b443-0242ac11002b</uuid>
        </link>
      </AddFormatter>
      <AddFormatter>
        <link type="WEAK">
          <target><![CDATA[/system/modules/alkacon.mercury.template/formatters/detail/organization-ext.xml]]></target>
          <uuid>607bc394-529d-11ed-993a-0242ac11002b</uuid>
        </link>
      </AddFormatter>
      <AddFormatter>
        <link type="WEAK">
          <target><![CDATA[/system/modules/alkacon.mercury.template/formatters/display/organization-compact.xml]]></target>
          <uuid>92878acf-73af-11ec-b443-0242ac11002b</uuid>
        </link>
      </AddFormatter>
      <AddFormatter>
        <link type="WEAK">
          <target><![CDATA[/system/modules/alkacon.mercury.template/formatters/display/organization-elaborate.xml]]></target>
          <uuid>a23bed97-73af-11ec-b443-0242ac11002b</uuid>
        </link>
      </AddFormatter>
      <AddFormatter>
        <link type="WEAK">
          <target><![CDATA[/system/modules/alkacon.mercury.template/formatters/display/organization-masonry.xml]]></target>
          <uuid>8c3896a6-55df-11ed-8bae-0242ac11002b</uuid>
        </link>
      </AddFormatter>
      <AddFormatter>
        <link type="WEAK">
          <target><![CDATA[/system/modules/alkacon.mercury.template/formatters/display/organization-text-tile.xml]]></target>
          <uuid>9a7a2f8e-55df-11ed-8bae-0242ac11002b</uuid>
        </link>
      </AddFormatter>
      <AddFormatter>
        <link type="WEAK">
          <target><![CDATA[/system/modules/alkacon.mercury.template/formatters/display/person-compact.xml]]></target>
          <uuid>89abc7eb-73af-11ec-b443-0242ac11002b</uuid>
        </link>
      </AddFormatter>
      <AddFormatter>
        <link type="WEAK">
          <target><![CDATA[/system/modules/alkacon.mercury.template/formatters/display/person-elaborate.xml]]></target>
          <uuid>9bb05c43-73af-11ec-b443-0242ac11002b</uuid>
        </link>
      </AddFormatter>
      <AddFormatter>
        <link type="WEAK">
          <target><![CDATA[/system/modules/alkacon.mercury.template/formatters/display/person-masonry.xml]]></target>
          <uuid>914b6aaa-55df-11ed-8bae-0242ac11002b</uuid>
        </link>
      </AddFormatter>
      <AddFormatter>
        <link type="WEAK">
          <target><![CDATA[/system/modules/alkacon.mercury.template/formatters/display/person-text-tile.xml]]></target>
          <uuid>a0285932-55df-11ed-8bae-0242ac11002b</uuid>
        </link>
      </AddFormatter>
      <AddFormatter>
        <link type="WEAK">
          <target><![CDATA[/system/modules/alkacon.mercury.template/formatters/display/poi-compact.xml]]></target>
          <uuid>c1114605-a23e-11ed-b729-0242ac11002b</uuid>
        </link>
      </AddFormatter>
      <AddFormatter>
        <link type="WEAK">
          <target><![CDATA[/system/modules/alkacon.mercury.template/formatters/display/poi-elaborate-alt.xml]]></target>
          <uuid>097a615b-fb29-11ee-9ae2-0242ac11002b</uuid>
        </link>
      </AddFormatter>
      <AddFormatter>
        <link type="WEAK">
          <target><![CDATA[/system/modules/alkacon.mercury.template/formatters/display/poi-elaborate.xml]]></target>
          <uuid>cb421199-a23e-11ed-b729-0242ac11002b</uuid>
        </link>
      </AddFormatter>
      <AddFormatter>
        <link type="WEAK">
          <target><![CDATA[/system/modules/alkacon.mercury.template/formatters/display/poi-masonry.xml]]></target>
          <uuid>c80709bf-faf5-11ee-9ae2-0242ac11002b</uuid>
        </link>
      </AddFormatter>
      <AddFormatter>
        <link type="WEAK">
          <target><![CDATA[/system/modules/alkacon.mercury.template/formatters/display/poi-text-tile.xml]]></target>
          <uuid>dc2fdda3-faf5-11ee-9ae2-0242ac11002b</uuid>
        </link>
      </AddFormatter>
      <AddFormatter>
        <link type="WEAK">
          <target><![CDATA[/system/modules/alkacon.mercury.template/formatters/detail/contact.xml]]></target>
          <uuid>6f8b18ad-dd65-46d9-a3a5-767a3b8cb808</uuid>
        </link>
      </AddFormatter>
      <AddFormatter>
        <link type="WEAK">
          <target><![CDATA[/system/modules/alkacon.mercury.template/formatters/display/contact-compact.xml]]></target>
          <uuid>c7f7eef8-74d2-11ea-8d2f-0242ac11002b</uuid>
        </link>
      </AddFormatter>
      <AddFormatter>
        <link type="WEAK">
          <target><![CDATA[/system/modules/alkacon.mercury.template/formatters/display/contact-elaborate.xml]]></target>
          <uuid>3f96bd48-74b4-11ea-8d2f-0242ac11002b</uuid>
        </link>
      </AddFormatter>
      <AddFormatter>
        <link type="WEAK">
          <target><![CDATA[/system/modules/alkacon.mercury.template/formatters/display/contact-text-tile.xml]]></target>
          <uuid>b3627694-74d2-11ea-8d2f-0242ac11002b</uuid>
        </link>
      </AddFormatter>
      <AddFormatter>
        <link type="WEAK">
          <target><![CDATA[/system/modules/alkacon.mercury.template/formatters/display/contact-masonry.xml]]></target>
          <uuid>98222b01-74da-11ea-8d2f-0242ac11002b</uuid>
        </link>
      </AddFormatter>
      <AddFormatter>
        <link type="WEAK">
          <target><![CDATA[/system/modules/alkacon.mercury.template/formatters/element/flexible.xml]]></target>
          <uuid>706880b3-ee3c-48e6-aee9-12e3f4c4198d</uuid>
        </link>
      </AddFormatter>
      <AddFormatter>
        <link type="WEAK">
          <target><![CDATA[/system/modules/alkacon.mercury.template/formatters/element/linksequence.xml]]></target>
          <uuid>69c7d674-d495-4bfd-b2af-7f9541860cbc</uuid>
        </link>
      </AddFormatter>
      <AddFormatter>
        <link type="WEAK">
          <target><![CDATA[/system/modules/alkacon.mercury.template/formatters/element/linksequence-expand.xml]]></target>
          <uuid>c75d726c-b44f-11ee-b9b0-0242ac11002b</uuid>
        </link>
      </AddFormatter>
      <AddFormatter>
        <link type="WEAK">
          <target><![CDATA[/system/modules/alkacon.mercury.template/formatters/element/linksequence-header.xml]]></target>
          <uuid>3a1d86f0-ce5b-11e9-a312-0242ac11002b</uuid>
        </link>
      </AddFormatter>
      <AddFormatter>
        <link type="WEAK">
          <target><![CDATA[/system/modules/alkacon.mercury.template/formatters/element/map-google.xml]]></target>
          <uuid>7bd4ba6a-f005-4732-8cf5-5ec60f80c627</uuid>
        </link>
      </AddFormatter>
      <AddFormatter>
        <link type="WEAK">
          <target><![CDATA[/system/modules/alkacon.mercury.template/formatters/element/map-osm.xml]]></target>
          <uuid>092f759a-726c-4169-8469-e24131b734d3</uuid>
        </link>
      </AddFormatter>
      <AddFormatter>
        <link type="WEAK">
          <target><![CDATA[/system/modules/alkacon.mercury.template/formatters/element/meta-info.xml]]></target>
          <uuid>2a768a4d-4e6d-4932-9af4-9b51502f9cdd</uuid>
        </link>
      </AddFormatter>
      <AddFormatter>
        <link type="WEAK">
          <target><![CDATA[/system/modules/alkacon.mercury.template/formatters/detail/poi.xml]]></target>
          <uuid>08d2a739-0286-492b-a3d4-d302dd64d3f6</uuid>
        </link>
      </AddFormatter>
      <AddFormatter>
        <link type="WEAK">
          <target><![CDATA[/system/modules/alkacon.mercury.template/formatters/detail/poi-article.xml]]></target>
          <uuid>67840e67-06cb-11ef-9046-0242ac11002b</uuid>
        </link>
      </AddFormatter>
      <AddFormatter>
        <link type="WEAK">
          <target><![CDATA[/system/modules/alkacon.mercury.template/formatters/element/shariff.xml]]></target>
          <uuid>cde17907-8ecb-4615-ae50-e753421605c2</uuid>
        </link>
      </AddFormatter>
      <AddFormatter>
        <link type="WEAK">
          <target><![CDATA[/system/modules/alkacon.mercury.template/formatters/element/sitemap.xml]]></target>
          <uuid>b86bdb85-b2f8-458c-bf51-00cb36520b52</uuid>
        </link>
      </AddFormatter>
      <AddFormatter>
        <link type="WEAK">
          <target><![CDATA[/system/modules/alkacon.mercury.template/formatters/element/slider-hero.xml]]></target>
          <uuid>16a7b77b-21e9-11ed-a9d9-0242ac11002b</uuid>
        </link>
      </AddFormatter>
      <AddFormatter>
        <link type="WEAK">
          <target><![CDATA[/system/modules/alkacon.mercury.template/formatters/element/slider-logo.xml]]></target>
          <uuid>2777d088-22b2-11ed-a9d9-0242ac11002b</uuid>
        </link>
      </AddFormatter>
      <AddFormatter>
        <link type="WEAK">
          <target><![CDATA[/system/modules/alkacon.mercury.template/formatters/element/slider-timed.xml]]></target>
          <uuid>5a0429dc-51c6-11ed-993a-0242ac11002b</uuid>
        </link>
      </AddFormatter>
      <AddFormatter>
        <link type="WEAK">
          <target><![CDATA[/system/modules/alkacon.mercury.template/formatters/element/tab-standard.xml]]></target>
          <uuid>d2b09d1d-60b1-491b-a63d-c2b8c7676925</uuid>
        </link>
      </AddFormatter>
      <AddFormatter>
        <link type="WEAK">
          <target><![CDATA[/system/modules/alkacon.mercury.template/formatters/element/tab-accordion.xml]]></target>
          <uuid>1fc27fbd-0af8-4479-81f7-e48cfe4588a5</uuid>
        </link>
      </AddFormatter>
      <AddFormatter>
        <link type="WEAK">
          <target><![CDATA[/system/modules/alkacon.mercury.template/formatters/element/tab-tile.xml]]></target>
          <uuid>bd96ae40-2c87-11ee-a93c-0242ac11002b</uuid>
        </link>
      </AddFormatter>
      <AddFormatter>
        <link type="WEAK">
          <target><![CDATA[/system/modules/alkacon.mercury.template/formatters/layout/area-simple.xml]]></target>
          <uuid>595e6ce8-35f4-41db-a0e3-babf5f844d4d</uuid>
        </link>
      </AddFormatter>
      <AddFormatter>
        <link type="WEAK">
          <target><![CDATA[/system/modules/alkacon.mercury.template/formatters/layout/group.xml]]></target>
          <uuid>850fab24-e13e-46d6-b738-f4c18d0e1690</uuid>
        </link>
      </AddFormatter>
      <AddFormatter>
        <link type="WEAK">
          <target><![CDATA[/system/modules/alkacon.mercury.template/formatters/layout/row-simple.xml]]></target>
          <uuid>62ec330f-9e9d-48e4-a0a8-48e3152593a4</uuid>
        </link>
      </AddFormatter>
      <AddFormatter>
        <link type="WEAK">
          <target><![CDATA[/system/modules/alkacon.mercury.template/formatters/layout/row-complex.xml]]></target>
          <uuid>b8139d87-03fa-4d37-87d8-7132f021f7a6</uuid>
        </link>
      </AddFormatter>
      <AddFormatter>
        <link type="WEAK">
          <target><![CDATA[/system/modules/alkacon.mercury.template/formatters/layout/area-complex.xml]]></target>
          <uuid>44a7d598-af72-413c-af83-f7a4b73c57ad</uuid>
        </link>
      </AddFormatter>
      <AddFormatter>
        <link type="WEAK">
          <target><![CDATA[/system/modules/alkacon.mercury.template/formatters/list/dynamic.xml]]></target>
          <uuid>cf9369a5-2442-4dd4-a475-ed10cfb69d1d</uuid>
        </link>
      </AddFormatter>
      <AddFormatter>
        <link type="WEAK">
          <target><![CDATA[/system/modules/alkacon.mercury.template/formatters/list/static.xml]]></target>
          <uuid>e8884937-d2ae-4d6c-ac3e-6bdc711e2f6b</uuid>
        </link>
      </AddFormatter>
      <AddFormatter>
        <link type="WEAK">
          <target><![CDATA[/system/modules/alkacon.mercury.template/formatters/list/sortoptions.xml]]></target>
          <uuid>82ef576c-cf38-41bb-8638-55209d3a0969</uuid>
        </link>
      </AddFormatter>
      <AddFormatter>
        <link type="WEAK">
          <target><![CDATA[/system/modules/alkacon.mercury.template/formatters/list/filter.xml]]></target>
          <uuid>55abf469-fa11-4d23-bacc-5da6f3e337be</uuid>
        </link>
      </AddFormatter>
      <AddFormatter>
        <link type="WEAK">
          <target><![CDATA[/system/modules/alkacon.mercury.template/formatters/navigation/main.xml]]></target>
          <uuid>4edb2a62-eb97-49df-bb86-ad044788d21b</uuid>
        </link>
      </AddFormatter>
      <AddFormatter>
        <link type="WEAK">
          <target><![CDATA[/system/modules/alkacon.mercury.template/formatters/navigation/side.xml]]></target>
          <uuid>90692b62-1191-4c12-a14f-0d724ccc98ee</uuid>
        </link>
      </AddFormatter>
      <AddFormatter>
        <link type="WEAK">
          <target><![CDATA[/system/modules/alkacon.mercury.template/formatters/navigation/breadcrumbs.xml]]></target>
          <uuid>944e72a0-4e06-11e9-bf9f-0242ac11002b</uuid>
        </link>
      </AddFormatter>
      <AddFormatter>
        <link type="WEAK">
          <target><![CDATA[/system/modules/alkacon.mercury.template/formatters/section/text-image.xml]]></target>
          <uuid>f9fa64c3-bb39-48fd-a0dc-3dd9c5be622e</uuid>
        </link>
      </AddFormatter>
      <AddFormatter>
        <link type="WEAK">
          <target><![CDATA[/system/modules/alkacon.mercury.template/formatters/section/text-only.xml]]></target>
          <uuid>4263f6e3-163b-4529-a5b0-5e81d8327d9b</uuid>
        </link>
      </AddFormatter>
      <AddFormatter>
        <link type="WEAK">
          <target><![CDATA[/system/modules/alkacon.mercury.template/formatters/section/image-only.xml]]></target>
          <uuid>09477380-9f7a-44ae-8262-eb5d9d1354f8</uuid>
        </link>
      </AddFormatter>
      <AddFormatter>
        <link type="WEAK">
          <target><![CDATA[/system/modules/alkacon.mercury.template/formatters/section/image-minimal.xml]]></target>
          <uuid>4635dba7-cef9-4cae-8a56-ccaf5bf2ccc2</uuid>
        </link>
      </AddFormatter>
      <AddFormatter>
        <link type="WEAK">
          <target><![CDATA[/system/modules/alkacon.mercury.template/formatters/section/iconbox.xml]]></target>
          <uuid>9e478f24-8816-43de-9c06-a27dd137fa8c</uuid>
        </link>
      </AddFormatter>
      <AddFormatter>
        <link type="WEAK">
          <target><![CDATA[/system/modules/alkacon.mercury.template/formatters/section/linkbox.xml]]></target>
          <uuid>9c2fe085-5e93-11ed-bb3c-0242ac11002b</uuid>
        </link>
      </AddFormatter>
      <AddFormatter>
        <link type="WEAK">
          <target><![CDATA[/system/modules/alkacon.mercury.template/formatters/section/imageflip-element.xml]]></target>
          <uuid>d0282fe5-6345-433d-8b56-125c55d1a927</uuid>
        </link>
      </AddFormatter>
      <AddFormatter>
        <link type="WEAK">
          <target><![CDATA[/system/modules/alkacon.mercury.template/formatters/section/square-rowtile.xml]]></target>
          <uuid>2cb23f51-8108-4c3d-858a-e0cafae44d6c</uuid>
        </link>
      </AddFormatter>
      <AddFormatter>
        <link type="WEAK">
          <target><![CDATA[/system/modules/alkacon.mercury.template/formatters/section/tile-rowtile.xml]]></target>
          <uuid>61b96360-be4f-4f40-97d8-02a46e0e3bfb</uuid>
        </link>
      </AddFormatter>
      <AddFormatter>
        <link type="WEAK">
          <target><![CDATA[/system/modules/alkacon.mercury.template/formatters/section/tile-element.xml]]></target>
          <uuid>f1c5636a-b307-11eb-9000-0242ac11002b</uuid>
        </link>
      </AddFormatter>
      <AddFormatter>
        <link type="WEAK">
          <target><![CDATA[/system/modules/alkacon.mercury.template/formatters/section/imageflip-rowtile.xml]]></target>
          <uuid>c1d8fdb7-6bdc-4551-bde3-866ec55e5e59</uuid>
        </link>
      </AddFormatter>
      <AddFormatter>
        <link type="WEAK">
          <target><![CDATA[/system/modules/alkacon.mercury.template/formatters/webform/webform.xml]]></target>
          <uuid>1e2a98e7-da00-4031-bf9c-fd32ba66cec0</uuid>
        </link>
      </AddFormatter>
      <AddFormatter>
        <link type="WEAK">
          <target><![CDATA[/system/modules/alkacon.mercury.template/formatters/webform/submissions.xml]]></target>
          <uuid>433a1756-8bb2-4f65-99e4-633debc14c5e</uuid>
        </link>
      </AddFormatter>
      <AddFormatter>
        <link type="WEAK">
          <target><![CDATA[/system/modules/alkacon.mercury.template/formatters/ugc/article.xml]]></target>
          <uuid>47802049-1abc-4c5b-a893-3737852826b8</uuid>
        </link>
      </AddFormatter>
      <AddFormatter>
        <link type="WEAK">
          <target><![CDATA[/system/modules/alkacon.mercury.template/formatters/display/download/binary.xml]]></target>
          <uuid>b9c37262-48db-49d6-a321-d632c0799deb</uuid>
        </link>
      </AddFormatter>
      <AddFormatter>
        <link type="WEAK">
          <target><![CDATA[/system/modules/alkacon.mercury.template/formatters/display/download/image.xml]]></target>
          <uuid>27c28bc5-78cb-461b-bd6f-ee1a52488c34</uuid>
        </link>
      </AddFormatter>
      <AddFormatter>
        <link type="WEAK">
          <target><![CDATA[/system/modules/alkacon.mercury.template/formatters/display/download/plain.xml]]></target>
          <uuid>f0225114-6a9a-4898-a2d2-2b5168f94b92</uuid>
        </link>
      </AddFormatter>
      <AddFormatter>
        <link type="WEAK">
          <target><![CDATA[/system/modules/alkacon.mercury.template/formatters/privacy-policy/banner.xml]]></target>
          <uuid>e9bb4c50-cfe2-456e-8c4e-72c9b2263577</uuid>
        </link>
      </AddFormatter>
    </AddFormatters>
    <RemoveAllFunctions>true</RemoveAllFunctions>
    <Function>
      <link type="WEAK">
        <target><![CDATA[/system/modules/alkacon.mercury.template/functions/anchor.xml]]></target>
        <uuid>82f4e477-e65f-4fd3-8976-c1d56d0fd35b</uuid>
      </link>
    </Function>
    <Function>
      <link type="WEAK">
        <target><![CDATA[/system/modules/alkacon.mercury.template/functions/disqus.xml]]></target>
        <uuid>96933da3-e1c4-4aee-9e19-b8d250efe747</uuid>
      </link>
    </Function>
    <Function>
      <link type="WEAK">
        <target><![CDATA[/system/modules/alkacon.mercury.template/functions/hyvor-talk.xml]]></target>
        <uuid>c09c8fe2-3ada-11ec-8f7c-0242ac11002b</uuid>
      </link>
    </Function>
    <Function>
      <link type="WEAK">
        <target><![CDATA[/system/modules/alkacon.mercury.template/functions/pdf-download.xml]]></target>
        <uuid>451b8424-6099-43f0-8782-5c5431374c68</uuid>
      </link>
    </Function>
    <Function>
      <link type="WEAK">
        <target><![CDATA[/system/modules/alkacon.mercury.template/functions/login.xml]]></target>
        <uuid>abf4813f-8476-4e86-b7e2-c135af3a5a19</uuid>
      </link>
    </Function>
    <Function>
      <link type="WEAK">
        <target><![CDATA[/system/modules/alkacon.mercury.template/functions/search.xml]]></target>
        <uuid>e92a6386-c73c-4f13-93ac-60cc1cc56425</uuid>
      </link>
    </Function>
    <Function>
      <link type="WEAK">
        <target><![CDATA[/system/modules/alkacon.mercury.template/functions/search-slot.xml]]></target>
        <uuid>ff714a4e-d294-11ec-ba99-0242ac11002b</uuid>
      </link>
    </Function>
    <Function>
      <link type="WEAK">
        <target><![CDATA[/system/modules/alkacon.mercury.template/functions/pagetitle.xml]]></target>
        <uuid>6acfc9a8-c9bb-4126-85b8-bcccadc465ee</uuid>
      </link>
    </Function>
    <Function>
      <link type="WEAK">
        <target><![CDATA[/system/modules/alkacon.mercury.template/functions/sitename.xml]]></target>
        <uuid>2c505a33-e743-45a8-83ef-1f3a643742cc</uuid>
      </link>
    </Function>
    <Function>
      <link type="WEAK">
        <target><![CDATA[/system/modules/alkacon.mercury.template/functions/sourcesite.xml]]></target>
        <uuid>66cccaa4-249c-4c10-905b-70008cd62d7f</uuid>
      </link>
    </Function>
    <Function>
      <link type="WEAK">
        <target><![CDATA[/system/modules/alkacon.mercury.template/functions/spacer.xml]]></target>
        <uuid>4e89a118-680d-11ee-998f-0242ac11002b</uuid>
      </link>
    </Function>
    <Function>
      <link type="WEAK">
        <target><![CDATA[/system/modules/alkacon.mercury.template/functions/header-config.xml]]></target>
        <uuid>caf9cb05-c8e3-11e9-bfcb-0242ac11002b</uuid>
      </link>
    </Function>
    <Function>
      <link type="WEAK">
        <target><![CDATA[/system/modules/alkacon.mercury.template/functions/opencms-info.xml]]></target>
        <uuid>9d96c3d9-3b13-4c8b-8d94-3b38fb1c3b36</uuid>
      </link>
    </Function>
    <Function>
      <link type="WEAK">
        <target><![CDATA[/system/modules/alkacon.mercury.template/functions/privacy-policy-settings.xml]]></target>
        <uuid>5fc02e59-fe05-496b-9fd8-7b40245ec3fc</uuid>
      </link>
    </Function>
    <Function>
      <link type="WEAK">
        <target><![CDATA[/system/modules/alkacon.mercury.template/functions/walls.io.xml]]></target>
        <uuid>3c3b4b33-eb93-11ea-999c-0242ac11002b</uuid>
      </link>
    </Function>
    <DiscardProperties><![CDATA[top]]></DiscardProperties>
    <Property>
      <PropertyName><![CDATA[Title]]></PropertyName>
      <Disabled>false</Disabled>
      <DisplayName><![CDATA[%(key.msg.property.Title)]]></DisplayName>
      <Widget><![CDATA[string]]></Widget>
    </Property>
    <Property>
      <PropertyName><![CDATA[NavText]]></PropertyName>
      <Disabled>false</Disabled>
      <DisplayName><![CDATA[%(key.msg.property.NavText)]]></DisplayName>
      <Widget><![CDATA[string]]></Widget>
    </Property>
    <Property>
      <PropertyName><![CDATA[NavInfo]]></PropertyName>
      <Disabled>false</Disabled>
      <DisplayName><![CDATA[%(key.msg.property.NavInfo)]]></DisplayName>
      <Widget><![CDATA[string]]></Widget>
    </Property>
    <Property>
      <PropertyName><![CDATA[Description]]></PropertyName>
      <Disabled>false</Disabled>
      <DisplayName><![CDATA[%(key.msg.property.Description)]]></DisplayName>
      <Widget><![CDATA[string]]></Widget>
    </Property>
    <Property>
      <PropertyName><![CDATA[Keywords]]></PropertyName>
      <Disabled>false</Disabled>
      <DisplayName><![CDATA[%(key.msg.property.Keywords)]]></DisplayName>
      <Widget><![CDATA[string]]></Widget>
    </Property>
    <Property>
      <PropertyName><![CDATA[mercury.theme]]></PropertyName>
      <Disabled>false</Disabled>
      <DisplayName><![CDATA[%(key.msg.property.mercury.theme)]]></DisplayName>
      <Widget><![CDATA[string]]></Widget>
    </Property>
    <AttributeEditorConfig>
      <link type="WEAK">
        <target><![CDATA[/system/modules/alkacon.mercury.template/configuration/public-sitemap-attributes.xml]]></target>
        <uuid>82958d53-bfdd-11ed-9f05-0242ac11002b</uuid>
      </link>
    </AttributeEditorConfig>
    <Attribute>
      <Key><![CDATA[template.variant]]></Key>
      <Value><![CDATA[default]]></Value>
    </Attribute>
    <Attribute>
      <Key><![CDATA[template.editor.css]]></Key>
      <Value><![CDATA[/system/modules/alkacon.mercury.theme/css/editor.min.css]]></Value>
    </Attribute>
    <Attribute>
      <Key><![CDATA[list.use.configured.formatters]]></Key>
      <Value><![CDATA[true]]></Value>
    </Attribute>
    <Attribute>
      <Key><![CDATA[cssWrapperDisplayName]]></Key>
      <Value><![CDATA[%(key.msg.setting.cssWrapper)]]></Value>
    </Attribute>
    <Attribute>
      <Key><![CDATA[cssWrapperDescription]]></Key>
      <Value><![CDATA[%(key.msg.setting.cssWrapper.help)]]></Value>
    </Attribute>
    <Attribute>
      <Key><![CDATA[cssWrapperWidget]]></Key>
      <Value><![CDATA[string]]></Value>
    </Attribute>
    <Attribute>
      <Key><![CDATA[cssWrapperWidgetConfig]]></Key>
      <Value/>
    </Attribute>
    <Attribute>
      <Key><![CDATA[cssWrapperWidgetOptional]]></Key>
      <Value><![CDATA[string]]></Value>
    </Attribute>
    <Attribute>
      <Key><![CDATA[cssWrapperWidgetOptionalConfig]]></Key>
      <Value/>
    </Attribute>
    <Attribute>
      <Key><![CDATA[editorConfigFull]]></Key>
      <Value><![CDATA[formatselect,link,anchor,downloadgallery,specialchar,emotions,source]]></Value>
    </Attribute>
    <Attribute>
      <Key><![CDATA[editorConfigLimited]]></Key>
      <Value><![CDATA[link,source]]></Value>
    </Attribute>
    <Attribute>
      <Key><![CDATA[editorConfigMail]]></Key>
      <Value><![CDATA[formatselect,table,source]]></Value>
    </Attribute>
    <Attribute>
      <Key><![CDATA[stringConfigTypo]]></Key>
      <Value><![CDATA[auto-typography]]></Value>
    </Attribute>
    <Attribute>
      <Key><![CDATA[mercuryYouTubePreviewDefault]]></Key>
      <Value><![CDATA[hqdefault.jpg]]></Value>
    </Attribute>
    <Attribute>
      <Key><![CDATA[mercuryYouTubePreviewWidgetConfig]]></Key>
      <Value><![CDATA[
        hqdefault.jpg:%(key.msg.option.media.youtube.hqdefault)|
        sddefault.jpg:%(key.msg.option.media.youtube.sddefault)|
        maxresdefault.jpg:%(key.msg.option.media.youtube.maxresdefault)|
        none:%(key.msg.option.media.youtube.none)
      ]]></Value>
    </Attribute>
    <Attribute>
      <Key><![CDATA[mercuryVideoMediaChoice]]></Key>
      <Value><![CDATA[%(key.label.MediaChoice.Video)]]></Value>
    </Attribute>
    <Attribute>
      <Key><![CDATA[mercuryVideoDataWidget]]></Key>
      <Value><![CDATA[file]]></Value>
    </Attribute>
    <Attribute>
      <Key><![CDATA[mercuryVideoDataWidgetConfig]]></Key>
      <Value/>
    </Attribute>
    <Attribute>
      <Key><![CDATA[mercuryAudioMediaChoice]]></Key>
      <Value><![CDATA[%(key.label.MediaChoice.Audio)]]></Value>
    </Attribute>
    <Attribute>
      <Key><![CDATA[mercuryAudioDataWidget]]></Key>
      <Value><![CDATA[file]]></Value>
    </Attribute>
    <Attribute>
      <Key><![CDATA[mercuryAudioDataWidgetConfig]]></Key>
      <Value/>
    </Attribute>
    <Attribute>
      <Key><![CDATA[mercury.iconFont.config]]></Key>
      <Value><![CDATA[awesomeSelection]]></Value>
    </Attribute>
    <Attribute>
      <Key><![CDATA[selectOrCombo]]></Key>
      <Value><![CDATA[selectcombo]]></Value>
    </Attribute>
    <Attribute>
      <Key><![CDATA[tileMargin.layout.config]]></Key>
      <Value><![CDATA[
        tile-margin-0:   0|
        tile-margin-2:   4|
        tile-margin-5:   10|
        tile-margin-10:  20|
        tile-margin-15:  30
      ]]></Value>
    </Attribute>
    <Attribute>
      <Key><![CDATA[bgColor.layout.config]]></Key>
      <Value><![CDATA[
        none:               %(key.msg.setting.bgColor.area.none)|
        bg-highlight:       %(key.msg.setting.bgColor.area.highlight)|
        bg-switch:          %(key.msg.setting.bgColor.area.switching)|
        bg-theme:           %(key.msg.setting.bgColor.area.theme)|
        bg-grey-light:      %(key.msg.setting.bgColor.area.grey-light)|
        bg-grey:            %(key.msg.setting.bgColor.area.grey)
      ]]></Value>
    </Attribute>
    <Attribute>
      <Key><![CDATA[listWrapper.imageTile.config]]></Key>
      <Value><![CDATA[
            row-square square-m-0:   0|
            row-square square-m-2:   4|
            row-square square-m-5:   10|
            row-square square-m-10:  20|
            row-square square-m-15:  30|
            row-square square-m-20:  40
      ]]></Value>
    </Attribute>
  </SitemapMasterConfiguration>
</SitemapMasterConfigurations>
