<?xml version="1.0" encoding="UTF-8"?>

<SitemapMasterConfigurations xmlns:xsi="http://www.w3.org/2001/XMLSchema-instance" xsi:noNamespaceSchemaLocation="opencms://system/modules/org.opencms.ade.config/schemas/sitemap_master_config.xsd">
  <SitemapMasterConfiguration language="en">
    <MasterConfig>
      <link type="WEAK">
        <target><![CDATA[/system/modules/alkacon.mercury.template/configuration/mercury.master.xml]]></target>
        <uuid>8916770d-5221-11e9-8a47-0242ac11002b</uuid>
      </link>
    </MasterConfig>
    <MasterConfig>
      <link type="WEAK">
        <target><![CDATA[/system/modules/alkacon.mercury.variant.burger/configuration/burger.master.additions.xml]]></target>
        <uuid>6da7ed42-8030-11ec-90e1-0242ac11002b</uuid>
      </link>
    </MasterConfig>
    <TypeOrderingMode>true</TypeOrderingMode>
    <UseFormatterKeys>true</UseFormatterKeys>
    <Attribute>
      <Key><![CDATA[template.variant]]></Key>
      <Value><![CDATA[burger]]></Value>
    </Attribute>
  </SitemapMasterConfiguration>
</SitemapMasterConfigurations>
