<?xml version="1.0" encoding="UTF-8"?>

<NewFormatters xmlns:xsi="http://www.w3.org/2001/XMLSchema-instance" xsi:noNamespaceSchemaLocation="opencms://system/modules/org.opencms.ade.config/schemas/formatters/new_formatter.xsd">
  <NewFormatter language="en">
    <NiceName><![CDATA[%(key.type.m-article.formatter.detail.image)]]></NiceName>
    <Type><![CDATA[m-article]]></Type>
    <Key><![CDATA[m/detail/article]]></Key>
    <Jsp>
      <link type="WEAK">
        <target><![CDATA[/system/modules/alkacon.mercury.template/formatters/detail/article.jsp]]></target>
        <uuid>4e6c6ad3-3a70-43da-a265-30a2c6c9e026</uuid>
      </link>
    </Jsp>
    <Description><![CDATA[%(key.type.m-article.description.formatter) %(key.type.general.description.detail)]]></Description>
    <Rank><![CDATA[20000]]></Rank>
    <Match>
      <Types>
        <ContainerType><![CDATA[element]]></ContainerType>
        <ContainerType><![CDATA[m-element]]></ContainerType>
        <ContainerType><![CDATA[article]]></ContainerType>
      </Types>
    </Match>
    <AutoEnabled>false</AutoEnabled>
    <SearchContent>true</SearchContent>
    <StrictContainers>true</StrictContainers>
    <Detail>true</Detail>
    <Preview>true</Preview>
    <IncludeSettings>
      <link type="WEAK">
        <target><![CDATA[/system/modules/alkacon.mercury.template/configuration/shared-settings.xml]]></target>
        <uuid>77009936-87a5-42b3-86ff-90252ede0593</uuid>
      </link>
    </IncludeSettings>
    <Setting>
      <IncludeName><![CDATA[cssWrapper.default]]></IncludeName>
    </Setting>
    <Setting>
      <IncludeName><![CDATA[cssWrapper2.default]]></IncludeName>
    </Setting>
    <Setting>
      <IncludeName><![CDATA[cssWrapper3.default]]></IncludeName>
    </Setting>
    <Setting>
      <IncludeName><![CDATA[keyPieceLayout.detail]]></IncludeName>
    </Setting>
    <Setting>
      <IncludeName><![CDATA[keyPieceSizeDesktop.detail]]></IncludeName>
    </Setting>
    <Setting>
      <IncludeName><![CDATA[keyPiecePrefacePos.detail]]></IncludeName>
    </Setting>
    <Setting>
      <IncludeName><![CDATA[cssWrapperKeyPiece.detail]]></IncludeName>
    </Setting>
    <Setting>
      <IncludeName><![CDATA[keyPieceOrigin.detail]]></IncludeName>
    </Setting>
    <Setting>
      <IncludeName><![CDATA[keyPieceimageRatio.sizeMobile]]></IncludeName>
    </Setting>
    <Setting>
      <IncludeName><![CDATA[keyPieceimageRatio.sizeDesktop]]></IncludeName>
    </Setting>
    <Setting>
      <IncludeName><![CDATA[pieceLayout.detail]]></IncludeName>
    </Setting>
    <Setting>
      <IncludeName><![CDATA[pieceLayoutAlternating.detail]]></IncludeName>
    </Setting>
    <Setting>
      <IncludeName><![CDATA[pieceLayout.sizeDesktop.default]]></IncludeName>
    </Setting>
    <Setting>
      <IncludeName><![CDATA[imageRatioParagraphs.sizeMobile]]></IncludeName>
    </Setting>
    <Setting>
      <IncludeName><![CDATA[imageRatioParagraphs.sizeDesktop]]></IncludeName>
    </Setting>
    <Setting>
      <IncludeName><![CDATA[cssWrapperParagraphs.detail]]></IncludeName>
    </Setting>
    <Setting>
      <IncludeName><![CDATA[hsize.detail]]></IncludeName>
    </Setting>
    <Setting>
      <IncludeName><![CDATA[dateFormat.default]]></IncludeName>
    </Setting>
    <Setting>
      <IncludeName><![CDATA[effect.tile]]></IncludeName>
    </Setting>
    <Setting>
      <IncludeName><![CDATA[containerType.detail]]></IncludeName>
    </Setting>
    <Setting>
      <IncludeName><![CDATA[showImageCopyright.default]]></IncludeName>
    </Setting>
    <Setting>
      <IncludeName><![CDATA[showImageSubtitle.true]]></IncludeName>
    </Setting>
    <Setting>
      <IncludeName><![CDATA[showImageZoom.true]]></IncludeName>
    </Setting>
    <Setting>
      <IncludeName><![CDATA[showAuthor.true]]></IncludeName>
    </Setting>
    <Setting>
      <IncludeName><![CDATA[showCombinedDownloads.true]]></IncludeName>
    </Setting>
    <MetaMapping>
      <Key><![CDATA[ogTitleMeta]]></Key>
      <Element><![CDATA[MetaInfo/Title]]></Element>
      <Order><![CDATA[5000]]></Order>
    </MetaMapping>
    <MetaMapping>
      <Key><![CDATA[ogDescriptionMeta]]></Key>
      <Element><![CDATA[MetaInfo/Description]]></Element>
      <Order><![CDATA[5000]]></Order>
    </MetaMapping>
    <MetaMapping>
      <Key><![CDATA[ogImageMeta]]></Key>
      <Element><![CDATA[MetaInfo/Image]]></Element>
      <Order><![CDATA[5000]]></Order>
    </MetaMapping>
    <MetaMapping>
      <Key><![CDATA[Keywords]]></Key>
      <Element><![CDATA[MetaInfo/Keywords]]></Element>
      <Order><![CDATA[5000]]></Order>
    </MetaMapping>
    <MetaMapping>
      <Key><![CDATA[Robots]]></Key>
      <Element><![CDATA[MetaInfo/Robots]]></Element>
      <Order><![CDATA[5000]]></Order>
    </MetaMapping>
    <MetaMapping>
      <Key><![CDATA[ogIntroTeaser]]></Key>
      <Element><![CDATA[TeaserData/TeaserIntro]]></Element>
      <Order><![CDATA[5000]]></Order>
    </MetaMapping>
    <MetaMapping>
      <Key><![CDATA[ogTitleTeaser]]></Key>
      <Element><![CDATA[TeaserData/TeaserTitle]]></Element>
      <Order><![CDATA[5000]]></Order>
    </MetaMapping>
    <MetaMapping>
      <Key><![CDATA[ogDescriptionTeaser]]></Key>
      <Element><![CDATA[TeaserData/TeaserPreface]]></Element>
      <Order><![CDATA[5000]]></Order>
    </MetaMapping>
    <MetaMapping>
      <Key><![CDATA[ogImageTeaser]]></Key>
      <Element><![CDATA[TeaserData/TeaserImage]]></Element>
      <Order><![CDATA[5000]]></Order>
    </MetaMapping>
    <MetaMapping>
      <Key><![CDATA[navPathRes]]></Key>
      <Element><![CDATA[NavPathRes]]></Element>
      <Order><![CDATA[5000]]></Order>
    </MetaMapping>
    <MetaMapping>
      <Key><![CDATA[ogIntro]]></Key>
      <Element><![CDATA[Intro]]></Element>
      <Order><![CDATA[5000]]></Order>
    </MetaMapping>
    <MetaMapping>
      <Key><![CDATA[ogTitle]]></Key>
      <Element><![CDATA[Title]]></Element>
      <Order><![CDATA[5000]]></Order>
    </MetaMapping>
    <MetaMapping>
      <Key><![CDATA[ogDescription]]></Key>
      <Element><![CDATA[Preface]]></Element>
      <Order><![CDATA[5000]]></Order>
    </MetaMapping>
    <MetaMapping>
      <Key><![CDATA[ogImage]]></Key>
      <Element><![CDATA[Image/Image]]></Element>
      <Order><![CDATA[5000]]></Order>
    </MetaMapping>
    <MetaMapping>
      <Key><![CDATA[ogDescriptionAlt]]></Key>
      <Element><![CDATA[Paragraph/Text]]></Element>
      <Order><![CDATA[5000]]></Order>
    </MetaMapping>
    <MetaMapping>
      <Key><![CDATA[ogDescriptionAltCaption]]></Key>
      <Element><![CDATA[Paragraph/Caption]]></Element>
      <Order><![CDATA[5000]]></Order>
    </MetaMapping>
    <MetaMapping>
      <Key><![CDATA[ogImageAlt]]></Key>
      <Element><![CDATA[Paragraph/Image/Image]]></Element>
      <Order><![CDATA[5000]]></Order>
    </MetaMapping>
    <MetaMapping>
      <Key><![CDATA[ogType]]></Key>
      <Element><![CDATA[none]]></Element>
      <Order><![CDATA[5000]]></Order>
      <Default><![CDATA[article]]></Default>
    </MetaMapping>
  </NewFormatter>
</NewFormatters>
