<?xml version="1.0" encoding="UTF-8"?>

<NewFormatters xmlns:xsi="http://www.w3.org/2001/XMLSchema-instance" xsi:noNamespaceSchemaLocation="opencms://system/modules/org.opencms.ade.config/schemas/formatters/new_formatter.xsd">
  <NewFormatter language="en">
    <NiceName><![CDATA[%(key.type.m-imageseries.formatter.default)]]></NiceName>
    <Type><![CDATA[m-imageseries]]></Type>
    <Key><![CDATA[m/detail/imageseries]]></Key>
    <Jsp>
      <link type="WEAK">
        <target><![CDATA[/system/modules/alkacon.mercury.template/formatters/detail/imageseries.jsp]]></target>
        <uuid>89904c3a-7fe2-4ac0-a553-1723c00a45e8</uuid>
      </link>
    </Jsp>
    <Description><![CDATA[%(key.type.m-imageseries.description.formatter) %(key.type.general.description.detail)]]></Description>
    <Rank><![CDATA[45000]]></Rank>
    <Match>
      <Types>
        <ContainerType><![CDATA[imageseries]]></ContainerType>
        <ContainerType><![CDATA[element]]></ContainerType>
        <ContainerType><![CDATA[m-element]]></ContainerType>
      </Types>
    </Match>
    <AutoEnabled>false</AutoEnabled>
    <SearchContent>true</SearchContent>
    <StrictContainers>true</StrictContainers>
    <Detail>true</Detail>
    <IncludeSettings>
      <link type="WEAK">
        <target><![CDATA[/system/modules/alkacon.mercury.template/configuration/shared-settings.xml]]></target>
        <uuid>77009936-87a5-42b3-86ff-90252ede0593</uuid>
      </link>
    </IncludeSettings>
    <Setting>
      <IncludeName><![CDATA[cssWrapper.default]]></IncludeName>
    </Setting>
    <Setting>
      <IncludeName><![CDATA[cssWrapper2.default]]></IncludeName>
    </Setting>
    <Setting>
      <IncludeName><![CDATA[cssWrapper3.default]]></IncludeName>
    </Setting>
    <Setting>
      <IncludeName><![CDATA[cssWrapperExtra.default]]></IncludeName>
    </Setting>
    <Setting>
      <IncludeName><![CDATA[cssWrapperKeyPiece.detail]]></IncludeName>
    </Setting>
    <Setting>
      <IncludeName><![CDATA[imageSeriesDisplay.default]]></IncludeName>
    </Setting>
    <Setting>
      <IncludeName><![CDATA[imageSeriesCss.default]]></IncludeName>
    </Setting>
    <Setting>
      <IncludeName><![CDATA[pageSize.imageseries]]></IncludeName>
    </Setting>
    <Setting>
      <IncludeName><![CDATA[imageSeriesSortOrder.default]]></IncludeName>
    </Setting>
    <Setting>
      <IncludeName><![CDATA[dateFormat.default]]></IncludeName>
    </Setting>
    <Setting>
      <IncludeName><![CDATA[hsize.detailWith0]]></IncludeName>
    </Setting>
    <Setting>
      <IncludeName><![CDATA[titleOption.default]]></IncludeName>
    </Setting>
    <Setting>
      <IncludeName><![CDATA[containerType.detail]]></IncludeName>
    </Setting>
    <Setting>
      <IncludeName><![CDATA[showPreface.true]]></IncludeName>
    </Setting>
    <Setting>
      <IncludeName><![CDATA[showText.true]]></IncludeName>
    </Setting>
    <Setting>
      <IncludeName><![CDATA[showImageCount.true]]></IncludeName>
    </Setting>
    <Setting>
      <IncludeName><![CDATA[showImageSubtitle.true]]></IncludeName>
    </Setting>
    <Setting>
      <IncludeName><![CDATA[showImageSeriesZoomCopyright.default]]></IncludeName>
    </Setting>
    <Setting>
      <IncludeName><![CDATA[showImageSeriesListCopyright.default]]></IncludeName>
    </Setting>
    <MetaMapping>
      <Key><![CDATA[ogTitleMeta]]></Key>
      <Element><![CDATA[MetaInfo/Title]]></Element>
      <Order><![CDATA[4700]]></Order>
    </MetaMapping>
    <MetaMapping>
      <Key><![CDATA[ogDescriptionMeta]]></Key>
      <Element><![CDATA[MetaInfo/Description]]></Element>
      <Order><![CDATA[4700]]></Order>
    </MetaMapping>
    <MetaMapping>
      <Key><![CDATA[ogImageMeta]]></Key>
      <Element><![CDATA[MetaInfo/Image]]></Element>
      <Order><![CDATA[4700]]></Order>
    </MetaMapping>
    <MetaMapping>
      <Key><![CDATA[Keywords]]></Key>
      <Element><![CDATA[MetaInfo/Keywords]]></Element>
      <Order><![CDATA[4700]]></Order>
    </MetaMapping>
    <MetaMapping>
      <Key><![CDATA[Robots]]></Key>
      <Element><![CDATA[MetaInfo/Robots]]></Element>
      <Order><![CDATA[4700]]></Order>
    </MetaMapping>
    <MetaMapping>
      <Key><![CDATA[ogIntroTeaser]]></Key>
      <Element><![CDATA[TeaserData/TeaserIntro]]></Element>
      <Order><![CDATA[4700]]></Order>
    </MetaMapping>
    <MetaMapping>
      <Key><![CDATA[ogTitleTeaser]]></Key>
      <Element><![CDATA[TeaserData/TeaserTitle]]></Element>
      <Order><![CDATA[4700]]></Order>
    </MetaMapping>
    <MetaMapping>
      <Key><![CDATA[ogDescriptionTeaser]]></Key>
      <Element><![CDATA[TeaserData/TeaserPreface]]></Element>
      <Order><![CDATA[4700]]></Order>
    </MetaMapping>
    <MetaMapping>
      <Key><![CDATA[ogImageTeaser]]></Key>
      <Element><![CDATA[TeaserData/TeaserImage]]></Element>
      <Order><![CDATA[4700]]></Order>
    </MetaMapping>
    <MetaMapping>
      <Key><![CDATA[ogIntro]]></Key>
      <Element><![CDATA[Intro]]></Element>
      <Order><![CDATA[4700]]></Order>
    </MetaMapping>
    <MetaMapping>
      <Key><![CDATA[ogTitle]]></Key>
      <Element><![CDATA[Title]]></Element>
      <Order><![CDATA[4700]]></Order>
    </MetaMapping>
    <MetaMapping>
      <Key><![CDATA[ogDescription]]></Key>
      <Element><![CDATA[Preface]]></Element>
      <Order><![CDATA[4700]]></Order>
    </MetaMapping>
    <MetaMapping>
      <Key><![CDATA[ogImage]]></Key>
      <Element><![CDATA[Image/Image]]></Element>
      <Order><![CDATA[4700]]></Order>
    </MetaMapping>
    <MetaMapping>
      <Key><![CDATA[ogDescriptionAlt]]></Key>
      <Element><![CDATA[Text]]></Element>
      <Order><![CDATA[4700]]></Order>
    </MetaMapping>
    <MetaMapping>
      <Key><![CDATA[ogType]]></Key>
      <Element><![CDATA[none]]></Element>
      <Order><![CDATA[4700]]></Order>
      <Default><![CDATA[article]]></Default>
    </MetaMapping>
  </NewFormatter>
</NewFormatters>
