<?xml version="1.0" encoding="UTF-8"?>

<NewFormatters xmlns:xsi="http://www.w3.org/2001/XMLSchema-instance" xsi:noNamespaceSchemaLocation="opencms://system/modules/org.opencms.ade.config/schemas/formatters/new_formatter.xsd">
  <NewFormatter language="en">
    <NiceName><![CDATA[%(key.type.m-media.formatter.detail.image)]]></NiceName>
    <Type><![CDATA[m-media]]></Type>
    <Key><![CDATA[m/detail/media]]></Key>
    <Jsp>
      <link type="WEAK">
        <target><![CDATA[/system/modules/alkacon.mercury.template/formatters/detail/media.jsp]]></target>
        <uuid>30af8db2-0a8e-4d4a-9000-1cee553edc35</uuid>
      </link>
    </Jsp>
    <Description><![CDATA[%(key.type.m-media.description.formatter) %(key.type.general.description.detail.direct)]]></Description>
    <Rank><![CDATA[45000]]></Rank>
    <Match>
      <Types>
        <ContainerType><![CDATA[element]]></ContainerType>
        <ContainerType><![CDATA[m-element]]></ContainerType>
        <ContainerType><![CDATA[media]]></ContainerType>
      </Types>
    </Match>
    <AutoEnabled>false</AutoEnabled>
    <SearchContent>true</SearchContent>
    <StrictContainers>true</StrictContainers>
    <Detail>true</Detail>
    <Preview>true</Preview>
    <IncludeSettings>
      <link type="WEAK">
        <target><![CDATA[/system/modules/alkacon.mercury.template/configuration/shared-settings.xml]]></target>
        <uuid>77009936-87a5-42b3-86ff-90252ede0593</uuid>
      </link>
    </IncludeSettings>
    <Setting>
      <IncludeName><![CDATA[cssWrapper.default]]></IncludeName>
    </Setting>
    <Setting>
      <IncludeName><![CDATA[cssWrapper2.default]]></IncludeName>
    </Setting>
    <Setting>
      <IncludeName><![CDATA[cssWrapper3.default]]></IncludeName>
    </Setting>
    <Setting>
      <IncludeName><![CDATA[keyPieceLayout.detail]]></IncludeName>
    </Setting>
    <Setting>
      <IncludeName><![CDATA[cssWrapperKeyPiece.detail]]></IncludeName>
    </Setting>
    <Setting>
      <IncludeName><![CDATA[hsize.detailWith0]]></IncludeName>
    </Setting>
    <Setting>
      <IncludeName><![CDATA[titleOption.default]]></IncludeName>
    </Setting>
    <Setting>
      <IncludeName><![CDATA[dateFormat.default]]></IncludeName>
    </Setting>
    <Setting>
      <IncludeName><![CDATA[imageRatio.media.withphone]]></IncludeName>
    </Setting>
    <Setting>
      <IncludeName><![CDATA[effect.tile]]></IncludeName>
    </Setting>
    <Setting>
      <IncludeName><![CDATA[containerType.detail]]></IncludeName>
    </Setting>
    <Setting>
      <IncludeName><![CDATA[showPreface.true]]></IncludeName>
    </Setting>
    <Setting>
      <IncludeName><![CDATA[showText.true]]></IncludeName>
    </Setting>
    <Setting>
      <IncludeName><![CDATA[showMediaCopyright.default]]></IncludeName>
    </Setting>
    <Setting>
      <IncludeName><![CDATA[autoPlay.false]]></IncludeName>
    </Setting>
    <MetaMapping>
      <Key><![CDATA[ogTitleMeta]]></Key>
      <Element><![CDATA[MetaInfo/Title]]></Element>
      <Order><![CDATA[4800]]></Order>
    </MetaMapping>
    <MetaMapping>
      <Key><![CDATA[ogDescriptionMeta]]></Key>
      <Element><![CDATA[MetaInfo/Description]]></Element>
      <Order><![CDATA[4800]]></Order>
    </MetaMapping>
    <MetaMapping>
      <Key><![CDATA[ogImageMeta]]></Key>
      <Element><![CDATA[MetaInfo/Image]]></Element>
      <Order><![CDATA[4800]]></Order>
    </MetaMapping>
    <MetaMapping>
      <Key><![CDATA[Keywords]]></Key>
      <Element><![CDATA[MetaInfo/Keywords]]></Element>
      <Order><![CDATA[4800]]></Order>
    </MetaMapping>
    <MetaMapping>
      <Key><![CDATA[Robots]]></Key>
      <Element><![CDATA[MetaInfo/Robots]]></Element>
      <Order><![CDATA[4800]]></Order>
    </MetaMapping>
    <MetaMapping>
      <Key><![CDATA[ogIntroTeaser]]></Key>
      <Element><![CDATA[TeaserData/TeaserIntro]]></Element>
      <Order><![CDATA[4800]]></Order>
    </MetaMapping>
    <MetaMapping>
      <Key><![CDATA[ogTitleTeaser]]></Key>
      <Element><![CDATA[TeaserData/TeaserTitle]]></Element>
      <Order><![CDATA[4800]]></Order>
    </MetaMapping>
    <MetaMapping>
      <Key><![CDATA[ogDescriptionTeaser]]></Key>
      <Element><![CDATA[TeaserData/TeaserPreface]]></Element>
      <Order><![CDATA[4800]]></Order>
    </MetaMapping>
    <MetaMapping>
      <Key><![CDATA[ogImageTeaser]]></Key>
      <Element><![CDATA[TeaserData/TeaserImage]]></Element>
      <Order><![CDATA[4800]]></Order>
    </MetaMapping>
    <MetaMapping>
      <Key><![CDATA[ogIntro]]></Key>
      <Element><![CDATA[Intro]]></Element>
      <Order><![CDATA[4800]]></Order>
    </MetaMapping>
    <MetaMapping>
      <Key><![CDATA[ogTitle]]></Key>
      <Element><![CDATA[Title]]></Element>
      <Order><![CDATA[4800]]></Order>
    </MetaMapping>
    <MetaMapping>
      <Key><![CDATA[ogDescription]]></Key>
      <Element><![CDATA[Preface]]></Element>
      <Order><![CDATA[4800]]></Order>
    </MetaMapping>
    <MetaMapping>
      <Key><![CDATA[ogImage]]></Key>
      <Element><![CDATA[Image]]></Element>
      <Order><![CDATA[4800]]></Order>
    </MetaMapping>
    <MetaMapping>
      <Key><![CDATA[ogDescriptionAlt]]></Key>
      <Element><![CDATA[Text]]></Element>
      <Order><![CDATA[4800]]></Order>
    </MetaMapping>
    <MetaMapping>
      <Key><![CDATA[ogImageAlt]]></Key>
      <Element><![CDATA[none]]></Element>
      <Order><![CDATA[4800]]></Order>
      <Default><![CDATA[%(stringtemplate:ogImageExt)]]></Default>
    </MetaMapping>
    <MetaMapping>
      <Key><![CDATA[ogType]]></Key>
      <Element><![CDATA[none]]></Element>
      <Order><![CDATA[4800]]></Order>
      <Default><![CDATA[article]]></Default>
    </MetaMapping>
  </NewFormatter>
</NewFormatters>
