<?xml version="1.0" encoding="UTF-8"?>

<NewFormatters xmlns:xsi="http://www.w3.org/2001/XMLSchema-instance" xsi:noNamespaceSchemaLocation="opencms://system/modules/org.opencms.ade.config/schemas/formatters/new_formatter.xsd">
  <NewFormatter language="en">
    <NiceName><![CDATA[%(key.type.m-organization.formatter.detail)]]></NiceName>
    <Type><![CDATA[m-organization]]></Type>
    <Key><![CDATA[m/detail/organization]]></Key>
    <KeyAlias><![CDATA[m/contact/organization]]></KeyAlias>
    <Jsp>
      <link type="WEAK">
        <target><![CDATA[/system/modules/alkacon.mercury.template/formatters/detail/contact.jsp]]></target>
        <uuid>bea1f1dd-7411-4ac6-a40b-e581d88bed99</uuid>
      </link>
    </Jsp>
    <Description><![CDATA[%(key.type.m-organization.description.formatter) %(key.type.general.description.detail.direct)]]></Description>
    <Rank><![CDATA[45000]]></Rank>
    <Match>
      <Types>
        <ContainerType><![CDATA[element]]></ContainerType>
        <ContainerType><![CDATA[m-element]]></ContainerType>
        <ContainerType><![CDATA[contact]]></ContainerType>
        <ContainerType><![CDATA[organization]]></ContainerType>
      </Types>
    </Match>
    <AutoEnabled>false</AutoEnabled>
    <SearchContent>true</SearchContent>
    <StrictContainers>true</StrictContainers>
    <Detail>true</Detail>
    <IncludeSettings>
      <link type="WEAK">
        <target><![CDATA[/system/modules/alkacon.mercury.template/configuration/shared-settings.xml]]></target>
        <uuid>77009936-87a5-42b3-86ff-90252ede0593</uuid>
      </link>
    </IncludeSettings>
    <Setting>
      <IncludeName><![CDATA[cssWrapper.default]]></IncludeName>
    </Setting>
    <Setting>
      <IncludeName><![CDATA[cssWrapper2.default]]></IncludeName>
    </Setting>
    <Setting>
      <IncludeName><![CDATA[cssWrapper3.default]]></IncludeName>
    </Setting>
    <Setting>
      <IncludeName><![CDATA[pieceLayout.onlyInlineHeadings]]></IncludeName>
    </Setting>
    <Setting>
      <IncludeName><![CDATA[piece.sizeMobile.default]]></IncludeName>
    </Setting>
    <Setting>
      <IncludeName><![CDATA[piece.sizeDesktop.default]]></IncludeName>
    </Setting>
    <Setting>
      <IncludeName><![CDATA[imageRatio.sizeMobile.allowHide]]></IncludeName>
    </Setting>
    <Setting>
      <IncludeName><![CDATA[imageRatio.sizeDesktop.allowHide]]></IncludeName>
    </Setting>
    <Setting>
      <IncludeName><![CDATA[hsize.3]]></IncludeName>
    </Setting>
    <Setting>
      <IncludeName><![CDATA[effect.contact]]></IncludeName>
    </Setting>
    <Setting>
      <IncludeName><![CDATA[linkOption.contact]]></IncludeName>
    </Setting>
    <Setting>
      <IncludeName><![CDATA[labels.contact]]></IncludeName>
    </Setting>
    <Setting>
      <IncludeName><![CDATA[showAddress.contact]]></IncludeName>
    </Setting>
    <Setting>
      <IncludeName><![CDATA[showOrganization.person]]></IncludeName>
    </Setting>
    <Setting>
      <IncludeName><![CDATA[containerType.detail]]></IncludeName>
    </Setting>
    <Setting>
      <IncludeName><![CDATA[compactLayout.contact]]></IncludeName>
    </Setting>
    <Setting>
      <IncludeName><![CDATA[showTitle.contact]]></IncludeName>
    </Setting>
    <Setting>
      <IncludeName><![CDATA[showNotice.contact]]></IncludeName>
    </Setting>
    <Setting>
      <IncludeName><![CDATA[showDescription.contact]]></IncludeName>
    </Setting>
    <Setting>
      <IncludeName><![CDATA[showPhone.contact]]></IncludeName>
    </Setting>
    <Setting>
      <IncludeName><![CDATA[showWebsite.contact]]></IncludeName>
    </Setting>
    <Setting>
      <IncludeName><![CDATA[showEmail.contact]]></IncludeName>
    </Setting>
    <Setting>
      <IncludeName><![CDATA[showImageZoom.false]]></IncludeName>
    </Setting>
    <Setting>
      <IncludeName><![CDATA[showImageCopyright.false]]></IncludeName>
    </Setting>
    <Setting>
      <IncludeName><![CDATA[showVcard.contact]]></IncludeName>
    </Setting>
  </NewFormatter>
</NewFormatters>
