<?xml version="1.0" encoding="UTF-8"?>

<NewFormatters xmlns:xsi="http://www.w3.org/2001/XMLSchema-instance" xsi:noNamespaceSchemaLocation="opencms://system/modules/org.opencms.ade.config/schemas/formatters/new_formatter.xsd">
  <NewFormatter language="en">
    <NiceName><![CDATA[%(key.type.m-organization.formatter.detail.extended)]]></NiceName>
    <Type><![CDATA[m-organization]]></Type>
    <Key><![CDATA[m/detail/organization-extended]]></Key>
    <Jsp>
      <link type="WEAK">
        <target><![CDATA[/system/modules/alkacon.mercury.template/formatters/detail/organization-ext.jsp]]></target>
        <uuid>607a6400-529d-11ed-993a-0242ac11002b</uuid>
      </link>
    </Jsp>
    <Description><![CDATA[%(key.type.m-organization.description.formatter) %(key.type.general.description.detail.extended) %(key.type.general.description.detail.contact-extended)]]></Description>
    <Rank><![CDATA[44000]]></Rank>
    <Match>
      <Types>
        <ContainerType><![CDATA[element]]></ContainerType>
        <ContainerType><![CDATA[m-element]]></ContainerType>
        <ContainerType><![CDATA[contact]]></ContainerType>
        <ContainerType><![CDATA[organization]]></ContainerType>
      </Types>
    </Match>
    <AutoEnabled>false</AutoEnabled>
    <SearchContent>true</SearchContent>
    <StrictContainers>true</StrictContainers>
    <Detail>true</Detail>
    <IncludeSettings>
      <link type="WEAK">
        <target><![CDATA[/system/modules/alkacon.mercury.template/configuration/shared-settings.xml]]></target>
        <uuid>77009936-87a5-42b3-86ff-90252ede0593</uuid>
      </link>
    </IncludeSettings>
    <Setting>
      <IncludeName><![CDATA[cssWrapper.default]]></IncludeName>
    </Setting>
    <Setting>
      <IncludeName><![CDATA[cssWrapper2.default]]></IncludeName>
    </Setting>
    <Setting>
      <IncludeName><![CDATA[cssWrapper3.default]]></IncludeName>
    </Setting>
    <Setting>
      <IncludeName><![CDATA[pieceLayout.onlyInlineHeadings]]></IncludeName>
    </Setting>
    <Setting>
      <IncludeName><![CDATA[piece.sizeDesktop.default]]></IncludeName>
    </Setting>
    <Setting>
      <IncludeName><![CDATA[hsize.detailWith0]]></IncludeName>
    </Setting>
    <Setting>
      <IncludeName><![CDATA[imageRatio.contact]]></IncludeName>
    </Setting>
    <Setting>
      <IncludeName><![CDATA[linkOption.contact]]></IncludeName>
    </Setting>
    <Setting>
      <IncludeName><![CDATA[labels.contact]]></IncludeName>
    </Setting>
    <Setting>
      <IncludeName><![CDATA[showTitle.contact.ext]]></IncludeName>
    </Setting>
    <Setting>
      <IncludeName><![CDATA[showDescription.contact.ext]]></IncludeName>
    </Setting>
    <Setting>
      <IncludeName><![CDATA[mapLayout.contact]]></IncludeName>
    </Setting>
    <Setting>
      <IncludeName><![CDATA[mapSizeDesktop.contact]]></IncludeName>
    </Setting>
    <Setting>
      <IncludeName><![CDATA[mapRatio.default]]></IncludeName>
    </Setting>
    <Setting>
      <IncludeName><![CDATA[mapZoom.contact]]></IncludeName>
    </Setting>
    <Setting>
      <IncludeName><![CDATA[containerType.detail]]></IncludeName>
    </Setting>
    <Setting>
      <IncludeName><![CDATA[showLinkedOrgs.contact]]></IncludeName>
    </Setting>
    <Setting>
      <IncludeName><![CDATA[showImageZoom.false]]></IncludeName>
    </Setting>
    <Setting>
      <IncludeName><![CDATA[showImageCopyright.false]]></IncludeName>
    </Setting>
    <Setting>
      <IncludeName><![CDATA[showVcard.contact]]></IncludeName>
    </Setting>
    <MetaMapping>
      <Key><![CDATA[ogTitle]]></Key>
      <Element><![CDATA[Organization]]></Element>
      <Order><![CDATA[5000]]></Order>
    </MetaMapping>
    <MetaMapping>
      <Key><![CDATA[ogDescription]]></Key>
      <Element><![CDATA[Description]]></Element>
      <Order><![CDATA[5000]]></Order>
    </MetaMapping>
    <MetaMapping>
      <Key><![CDATA[ogImage]]></Key>
      <Element><![CDATA[Image/Image]]></Element>
      <Order><![CDATA[5000]]></Order>
    </MetaMapping>
    <MetaMapping>
      <Key><![CDATA[ogType]]></Key>
      <Element><![CDATA[none]]></Element>
      <Order><![CDATA[5000]]></Order>
      <Default><![CDATA[website]]></Default>
    </MetaMapping>
  </NewFormatter>
</NewFormatters>
