{"version":8,"name":"OpenCms Style","id":"+opencms-style","metadata":{"openmaptiles:version":"3.x"},"center":[6.531230332288942,51.06846930770996],"zoom":8.943736534092709,"bearing":0,"pitch":0,"sources":{"openmaptiles":{"type":"vector","url":"https://api.maptiler.com/tiles/v3/tiles.json?key=maptiler-api-key"},"landcover":{"type":"vector","url":"https://api.maptiler.com/tiles/landcover/tiles.json?key=maptiler-api-key"},"maptiler_attribution":{"type":"vector","attribution":"<a href=\"https://www.maptiler.com/license/maps/\" target=\"_blank\">&copy; MapTiler</a> <a href=\"https://www.openstreetmap.org/copyright\" target=\"_blank\">&copy; OpenStreetMap contributors</a>"}},"sprite":"https://api.maptiler.com/maps/will-be-set-in-mercury-javascript/sprite","glyphs":"https://api.maptiler.com/fonts/{fontstack}/{range}.pbf?key=maptiler-api-key","layers":[{"id":"background","type":"background","paint":{"background-color":{"stops":[[6,"#fefefe"],[8.25,"#fefefe"],[9,"#ddd"],[11,"#eee"],[20,"#f2f2f2"]]}}},{"id":"landuse-buildings","type":"fill","source":"openmaptiles","source-layer":"landuse","minzoom":4.0,"maxzoom":18.0,"layout":{"visibility":"visible"},"paint":{"fill-color":{"stops":[[3,"#ddd"],[9,"#ddd"],[17,"rgba(221, 221, 221, 0)"]]},"fill-opacity":{"stops":[[4,0],[4.5,1]]}},"filter":["all",["==","$type","Polygon"],["!in","class","cemetery","stadium","pitch"]]},{"id":"landuse-stadium","type":"fill","source":"openmaptiles","source-layer":"landuse","maxzoom":18.0,"paint":{"fill-color":"#fff","fill-opacity":0.75},"metadata":{},"filter":["all",["in","class","stadium","pitch"]]},{"id":"landuse-cemetery","type":"fill","source":"openmaptiles","source-layer":"landuse","layout":{"visibility":"visible"},"paint":{"fill-color":"#C2D1C2","fill-opacity":0.5},"filter":["all",["in","class","cemetery"]]},{"id":"landcover-wood","type":"fill","source":"openmaptiles","source-layer":"landcover","paint":{"fill-color":"#C2D1C2","fill-opacity":0.6,"fill-antialias":{"base":1,"stops":[[0,false],[9,true]]},"fill-outline-color":"hsla(0, 0%, 0%, 0.03)"},"filter":["all",["in","class","wood","tree"]]},{"id":"landcover-grass","type":"fill","source":"openmaptiles","source-layer":"landcover","minzoom":10.0,"maxzoom":24.0,"layout":{"visibility":"visible"},"paint":{"fill-color":"#C2D1C2","fill-opacity":0.5},"filter":["all",["in","class","grass"]]},{"id":"landcover-grass-park-copy","type":"fill","source":"openmaptiles","source-layer":"park","paint":{"fill-color":"#d8e8c8","fill-opacity":0.8},"filter":["==","class","public_park"]},{"id":"landcover-playground","type":"fill","source":"openmaptiles","source-layer":"landuse","minzoom":12.0,"maxzoom":24.0,"layout":{"visibility":"visible"},"paint":{"fill-color":"#fff","fill-opacity":0.75,"fill-antialias":true},"filter":["all",["==","class","playground"]]},{"id":"waterway_tunnel","type":"line","source":"openmaptiles","source-layer":"waterway","minzoom":14.0,"layout":{"line-cap":"round"},"paint":{"line-color":"#A0B0BF","line-width":{"base":1.3,"stops":[[13,0.5],[20,6]]},"line-dasharray":[1.5,3]},"filter":["all",["in","class","river","stream","canal"],["==","brunnel","tunnel"]]},{"id":"waterway-other","type":"line","source":"openmaptiles","source-layer":"waterway","layout":{"line-cap":"round"},"paint":{"line-color":"#A0B0BF","line-width":{"base":1.3,"stops":[[13,0.5],[20,2]]}},"filter":["!in","class","canal","river","stream"]},{"id":"waterway-stream-canal","type":"line","source":"openmaptiles","source-layer":"waterway","layout":{"line-cap":"round"},"paint":{"line-color":"#A0B0BF","line-width":{"base":1.3,"stops":[[13,0.5],[20,6]]}},"filter":["all",["in","class","canal","stream"],["!=","brunnel","tunnel"]]},{"id":"waterway-river","type":"line","source":"openmaptiles","source-layer":"waterway","layout":{"line-cap":"round","visibility":"visible"},"paint":{"line-color":"#A0B0BF","line-width":{"base":1.2,"stops":[[10,0.8],[20,6]]}},"filter":["all",["==","class","river"],["!=","brunnel","tunnel"]]},{"id":"water-offset","type":"fill","source":"openmaptiles","source-layer":"water","maxzoom":8.0,"layout":{"visibility":"none"},"paint":{"fill-color":"#a0c8f0","fill-opacity":1,"fill-translate":{"base":1,"stops":[[6,[2,0]],[8,[0,0]]]}},"filter":["==","$type","Polygon"]},{"id":"water","type":"fill","source":"openmaptiles","source-layer":"water","layout":{"visibility":"visible"},"paint":{"fill-color":"#A0B0BF"}},{"id":"landcover-ice-shelf","type":"fill","source":"openmaptiles","source-layer":"landcover","layout":{"visibility":"visible"},"paint":{"fill-color":"#fff","fill-opacity":{"base":1,"stops":[[0,0.9],[10,0.3]]}},"filter":["==","subclass","ice_shelf"]},{"id":"landcover-sand","type":"fill","source":"openmaptiles","source-layer":"landcover","layout":{"visibility":"visible"},"paint":{"fill-color":"#fff","fill-opacity":1},"filter":["all",["==","class","sand"]]},{"id":"building","type":"fill","source":"openmaptiles","source-layer":"building","minzoom":15.0,"maxzoom":17.0,"layout":{"visibility":"visible"},"paint":{"fill-color":"#e0e0e0","fill-opacity":{"stops":[[15.75,0],[16,1],[17,0]]},"fill-antialias":true}},{"id":"building-3d","type":"fill-extrusion","source":"openmaptiles","source-layer":"building","minzoom":14.0,"layout":{"visibility":"visible"},"paint":{"fill-extrusion-base":{"type":"identity","property":"render_min_height"},"fill-extrusion-color":"rgba(187, 187, 187, 1)","fill-extrusion-height":{"type":"identity","property":"render_height"},"fill-extrusion-opacity":{"stops":[[13,0],[15,0.3]]}},"filter":["all",["!has","hide_3d"]]},{"id":"tunnel-service-track-casing","type":"line","source":"openmaptiles","source-layer":"transportation","minzoom":14.0,"maxzoom":24.0,"layout":{"line-cap":"butt","line-join":"round","visibility":"visible"},"paint":{"line-color":"#bbb","line-width":{"base":1.2,"stops":[[14,0],[15,1.5],[18,9],[20,22]]},"line-opacity":{"stops":[[14,0],[16,1]]},"line-dasharray":[0.25,0.25]},"filter":["all",["==","brunnel","tunnel"],["in","class","service","track"]]},{"id":"tunnel-minor-casing","type":"line","source":"openmaptiles","source-layer":"transportation","minzoom":16.0,"layout":{"line-cap":"butt","line-join":"miter","visibility":"visible"},"paint":{"line-color":"#bbb","line-width":{"base":1.2,"stops":[[16,6],[20,52]]},"line-opacity":1,"line-dasharray":[0.25,0.25]},"filter":["all",["==","brunnel","tunnel"],["==","class","minor"]]},{"id":"tunnel-secondary-tertiary-casing","type":"line","source":"openmaptiles","source-layer":"transportation","minzoom":15.0,"layout":{"line-cap":"butt","line-join":"miter","visibility":"visible"},"paint":{"line-color":"#bbb","line-width":{"base":1.2,"stops":[[15,6],[20,62]]},"line-opacity":1,"line-dasharray":[0.25,0.25]},"filter":["all",["==","brunnel","tunnel"],["in","class","secondary","tertiary"]]},{"id":"tunnel-trunk-primary-casing","type":"line","source":"openmaptiles","source-layer":"transportation","minzoom":6.0,"layout":{"line-cap":"butt","line-join":"miter","visibility":"visible"},"paint":{"line-color":{"stops":[[6,"#bbb"],[9,"#eee"],[12,"#bbb"]]},"line-width":{"base":1.2,"stops":[[6,0.5],[8,1],[9,4],[12,3.5],[15,6],[20,62]]},"line-opacity":{"stops":[[4,0],[4.5,1]]},"line-dasharray":[0.25,0.25]},"filter":["all",["==","brunnel","tunnel"],["in","class","primary","trunk"]]},{"id":"tunnel-motorway-casing","type":"line","source":"openmaptiles","source-layer":"transportation","layout":{"line-cap":"butt","line-join":"miter","visibility":"visible"},"paint":{"line-color":{"stops":[[6,"#ddd"],[9,"#eee"],[10,"#bbb"]]},"line-width":{"base":1.2,"stops":[[3.5,1],[6,1],[8,4],[10,4],[15,7],[20,82]]},"line-opacity":{"stops":[[4,0],[4.5,1]]},"line-dasharray":[0.25,0.25]},"filter":["all",["==","brunnel","tunnel"],["==","class","motorway"]]},{"id":"tunnel-path","type":"line","source":"openmaptiles","source-layer":"transportation","paint":{"line-color":"#d2d2d2","line-width":{"base":1.2,"stops":[[14,0.1],[18,2],[20,6]]},"line-dasharray":[1.5,0.75]},"filter":["all",["==","$type","LineString"],["all",["==","brunnel","tunnel"],["==","class","path"]]]},{"id":"tunnel-service-track","type":"line","source":"openmaptiles","source-layer":"transportation","layout":{"line-cap":"round","line-join":"miter","visibility":"visible"},"paint":{"line-color":{"stops":[[14,"#fff"],[22,"#e0e0e0"]]},"line-width":{"base":1.2,"stops":[[14,0],[15,1.5],[18,8],[20,18]]},"line-opacity":1},"filter":["all",["==","brunnel","tunnel"],["in","class","service","track"]]},{"id":"tunnel-minor","type":"line","source":"openmaptiles","source-layer":"transportation","minzoom":12.0,"layout":{"line-cap":"round","line-join":"miter","visibility":"visible"},"paint":{"line-color":{"stops":[[14,"#fff"],[22,"#e0e0e0"]]},"line-width":{"base":1.2,"stops":[[12,0],[14,2],[16,6],[20,48]]},"line-opacity":1},"filter":["all",["==","brunnel","tunnel"],["==","class","minor"]]},{"id":"tunnel-secondary-tertiary","type":"line","source":"openmaptiles","source-layer":"transportation","minzoom":6.0,"layout":{"line-cap":"round","line-join":"miter","visibility":"visible"},"paint":{"line-color":{"stops":[[14,"#fff"],[22,"#e0e0e0"]]},"line-width":{"base":1.2,"stops":[[6.5,0],[8,0.5],[9,1],[12,2],[15,6],[20,58]]}},"filter":["all",["==","brunnel","tunnel"],["in","class","secondary","tertiary"]]},{"id":"tunnel-trunk-primary","type":"line","source":"openmaptiles","source-layer":"transportation","minzoom":9.0,"layout":{"line-cap":"round","line-join":"miter","visibility":"visible"},"paint":{"line-color":{"stops":[[14,"#fff"],[22,"#e0e0e0"]]},"line-width":{"base":1.2,"stops":[[8,0.5],[9,1],[12,2],[15,6],[20,58]]}},"filter":["all",["==","brunnel","tunnel"],["in","class","primary","trunk"]]},{"id":"tunnel-motorway","type":"line","source":"openmaptiles","source-layer":"transportation","layout":{"line-cap":"round","line-join":"miter","visibility":"visible"},"paint":{"line-color":{"stops":[[14,"#fff"],[15,"#e0e0e0"]]},"line-width":{"base":1.2,"stops":[[7,0],[8,0.75],[10,2],[15,5],[20,76]]}},"filter":["all",["==","brunnel","tunnel"],["==","class","motorway"]]},{"id":"tunnel-railway","type":"line","source":"openmaptiles","source-layer":"transportation","paint":{"line-color":"#bbb","line-width":{"base":1.4,"stops":[[14,0.4],[15,0.75],[20,2]]},"line-dasharray":[2,2]},"filter":["all",["==","brunnel","tunnel"],["==","class","rail"]]},{"id":"ferry","type":"line","source":"openmaptiles","source-layer":"transportation","layout":{"line-join":"round","visibility":"visible"},"paint":{"line-color":"rgba(108, 159, 182, 1)","line-width":1.1,"line-dasharray":[2,2]},"filter":["all",["in","class","ferry"]]},{"id":"aeroway-taxiway-casing","type":"line","source":"openmaptiles","source-layer":"aeroway","minzoom":12.0,"layout":{"line-cap":"round","line-join":"miter","visibility":"visible"},"paint":{"line-color":"#bbb","line-width":{"base":1.2,"stops":[[12,0],[14,2],[16,6],[20,24]]},"line-opacity":{"stops":[[14,0],[15,1]]}},"filter":["all",["in","class","taxiway"]]},{"id":"aeroway-runway-casing","type":"line","source":"openmaptiles","source-layer":"aeroway","minzoom":12.0,"layout":{"line-cap":"round","line-join":"round","visibility":"visible"},"paint":{"line-color":"#bbb","line-width":{"base":1.5,"stops":[[11,3],[17,52]]},"line-opacity":1},"filter":["all",["in","class","runway"]]},{"id":"aeroway-area","type":"fill","source":"openmaptiles","source-layer":"aeroway","minzoom":4.0,"layout":{"visibility":"visible"},"paint":{"fill-color":"rgba(255, 255, 255, 1)","fill-opacity":{"base":1,"stops":[[13,0],[14,1]]}},"filter":["all",["==","$type","Polygon"],["in","class","runway","taxiway"]]},{"id":"aeroway-taxiway","type":"line","source":"openmaptiles","source-layer":"aeroway","minzoom":4.0,"layout":{"line-cap":"round","line-join":"miter","visibility":"visible"},"paint":{"line-color":"#fff","line-width":{"base":1.2,"stops":[[12,0],[13,2],[16,5],[20,21]]},"line-opacity":{"stops":[[11.5,0],[12.5,1]]}},"filter":["all",["in","class","taxiway"],["==","$type","LineString"]]},{"id":"aeroway-runway","type":"line","source":"openmaptiles","source-layer":"aeroway","minzoom":4.0,"layout":{"line-cap":"round","line-join":"round","visibility":"visible"},"paint":{"line-color":"rgba(255, 255, 255, 1)","line-width":{"base":1.5,"stops":[[11,4],[17,50]]},"line-opacity":{"base":1,"stops":[[11,0],[12,1]]}},"filter":["all",["in","class","runway"],["==","$type","LineString"]]},{"id":"road_area_pier","type":"fill","source":"openmaptiles","source-layer":"transportation","layout":{"visibility":"visible"},"paint":{"fill-color":"#f8f4f0","fill-antialias":true},"filter":["all",["==","$type","Polygon"],["==","class","pier"]]},{"id":"road_pier","type":"line","source":"openmaptiles","source-layer":"transportation","layout":{"line-cap":"round","line-join":"round"},"paint":{"line-color":"#f8f4f0","line-width":{"base":1.2,"stops":[[15,1],[17,4]]}},"filter":["all",["==","$type","LineString"],["in","class","pier"]]},{"id":"highway-motorway-link-casing","type":"line","source":"openmaptiles","source-layer":"transportation","minzoom":12.0,"layout":{"line-cap":"butt","line-join":"round"},"paint":{"line-color":"#bbb","line-width":{"base":1.2,"stops":[[12,3.5],[15,8],[20,67]]},"line-opacity":1},"filter":["all",["!in","brunnel","bridge","tunnel"],["==","class","motorway"],["==","ramp",1]]},{"id":"highway-link-casing","type":"line","source":"openmaptiles","source-layer":"transportation","minzoom":13.0,"layout":{"line-cap":"round","line-join":"round","visibility":"visible"},"paint":{"line-color":"#bbb","line-width":{"base":1.2,"stops":[[12,1],[13,3],[14,4],[20,15]]},"line-opacity":1},"filter":["all",["!in","brunnel","bridge","tunnel"],["in","class","primary_link","secondary_link","tertiary_link","trunk_link"]]},{"id":"highway-minor-casing","type":"line","source":"openmaptiles","source-layer":"transportation","minzoom":16.0,"layout":{"line-cap":"round","line-join":"miter","visibility":"visible"},"paint":{"line-color":"#bbb","line-width":{"base":1.2,"stops":[[16,6],[20,52]]},"line-opacity":1},"filter":["all",["==","$type","LineString"],["all",["!=","brunnel","tunnel"],["in","class","minor"]]]},{"id":"highway-driveway-casing","type":"line","source":"openmaptiles","source-layer":"transportation","layout":{"line-cap":"round","line-join":"miter","visibility":"visible"},"paint":{"line-color":"#bbb","line-width":{"base":1.2,"stops":[[14,0],[15,1.5],[18,9],[20,22]]},"line-opacity":{"stops":[[14,0],[16,1]]}},"filter":["all",["==","$type","LineString"],["!=","brunnel","tunnel"],["any",["==","class","track"],["all",["==","class","service"],["in","service","driveway","parking_aisle"]]]]},{"id":"highway-service-casing","type":"line","source":"openmaptiles","source-layer":"transportation","minzoom":16.0,"layout":{"line-cap":"round","line-join":"miter","visibility":"visible"},"paint":{"line-color":"#bbb","line-width":{"base":1.2,"stops":[[16,4],[20,27]]},"line-opacity":{"stops":[[13,0],[15,1]]}},"filter":["all",["==","$type","LineString"],["all",["!=","brunnel","tunnel"],["in","class","service"],["!in","service","driveway","parking_aisle"]]]},{"id":"highway-secondary-tertiary-casing","type":"line","source":"openmaptiles","source-layer":"transportation","minzoom":15.0,"layout":{"line-cap":"butt","line-join":"miter","visibility":"visible"},"paint":{"line-color":"#bbb","line-width":{"base":1.2,"stops":[[15,6],[20,67]]},"line-opacity":1},"filter":["all",["!in","brunnel","bridge","tunnel"],["in","class","secondary","tertiary"]]},{"id":"highway-primary-casing","type":"line","source":"openmaptiles","source-layer":"transportation","minzoom":6.0,"layout":{"line-cap":"butt","line-join":"miter","visibility":"visible"},"paint":{"line-color":{"stops":[[6,"#bbb"],[9,"#eee"],[12,"#bbb"]]},"line-width":{"base":1.2,"stops":[[6,0.5],[8,1],[9,4],[12,3.5],[15,6],[20,62]]},"line-opacity":1},"filter":["all",["!in","brunnel","bridge","tunnel"],["in","class","primary"]]},{"id":"highway-trunk-casing","type":"line","source":"openmaptiles","source-layer":"transportation","minzoom":6.0,"layout":{"line-cap":"butt","line-join":"miter","visibility":"visible"},"paint":{"line-color":{"stops":[[6,"#bbb"],[9,"#eee"],[12,"#bbb"]]},"line-width":{"base":1.2,"stops":[[6,0.5],[8,1],[9,4],[12,3.5],[15,6],[20,62]]},"line-opacity":1},"filter":["all",["!in","brunnel","bridge","tunnel"],["in","class","trunk"]]},{"id":"highway-motorway-casing","type":"line","source":"openmaptiles","source-layer":"transportation","minzoom":4.0,"maxzoom":24.0,"layout":{"line-cap":"butt","line-join":"miter","visibility":"visible"},"paint":{"line-color":{"stops":[[6,"#ddd"],[9,"#eee"],[10,"#bbb"]]},"line-width":{"base":1.2,"stops":[[3.5,1],[6,1],[8,4],[10,4],[15,8],[20,82]]},"line-opacity":{"stops":[[4,0],[4.5,1]]}},"filter":["all",["!in","brunnel","bridge","tunnel"],["==","class","motorway"],["!=","ramp",1]]},{"id":"highway-path","type":"line","source":"openmaptiles","source-layer":"transportation","paint":{"line-color":"#fff","line-width":{"base":1.2,"stops":[[14,0.1],[18,2],[20,6]]},"line-dasharray":[1.5,0.75]},"filter":["all",["==","$type","LineString"],["all",["!in","brunnel","bridge","tunnel"],["==","class","path"]]]},{"id":"highway-motorway-link","type":"line","source":"openmaptiles","source-layer":"transportation","minzoom":12.0,"layout":{"line-cap":"round","line-join":"miter","visibility":"visible"},"paint":{"line-color":"#fff","line-width":{"base":1.2,"stops":[[12,2],[15,6],[20,65]]}},"filter":["all",["!in","brunnel","bridge","tunnel"],["==","class","motorway"],["==","ramp",1]]},{"id":"highway-link","type":"line","source":"openmaptiles","source-layer":"transportation","minzoom":13.0,"layout":{"line-cap":"round","line-join":"round","visibility":"visible"},"paint":{"line-color":"#fff","line-width":{"base":1.2,"stops":[[12.5,0],[13,1.5],[14,2.5],[20,11.5]]}},"filter":["all",["!in","brunnel","bridge","tunnel"],["in","class","primary_link","secondary_link","tertiary_link","trunk_link"]]},{"id":"highway-minor","type":"line","source":"openmaptiles","source-layer":"transportation","minzoom":12.0,"layout":{"line-cap":"round","line-join":"miter","visibility":"visible"},"paint":{"line-color":"#fff","line-width":{"base":1.2,"stops":[[12,0],[14,2],[16,6],[20,50]]},"line-opacity":1},"filter":["all",["==","$type","LineString"],["all",["!=","brunnel","tunnel"],["in","class","minor"]]]},{"id":"highway-driveway","type":"line","source":"openmaptiles","source-layer":"transportation","minzoom":14.0,"layout":{"line-cap":"round","line-join":"miter","visibility":"visible"},"paint":{"line-color":"#fff","line-width":{"base":1.2,"stops":[[14,0],[15,1.5],[18,8],[20,20]]},"line-opacity":{"stops":[[14,0],[16,1]]}},"filter":["all",["==","$type","LineString"],["!=","brunnel","tunnel"],["any",["==","class","track"],["all",["==","class","service"],["in","service","driveway","parking_aisle"]]]]},{"id":"highway-service","type":"line","source":"openmaptiles","source-layer":"transportation","minzoom":13.0,"layout":{"line-cap":"round","line-join":"round","visibility":"visible"},"paint":{"line-color":"#fff","line-width":{"base":1.2,"stops":[[13,0],[14,1],[16,4],[20,25]]},"line-opacity":1},"filter":["all",["==","$type","LineString"],["all",["!=","brunnel","tunnel"],["in","class","service"],["!in","service","driveway","parking_aisle"]]]},{"id":"highway-secondary-tertiary","type":"line","source":"openmaptiles","source-layer":"transportation","minzoom":6.0,"layout":{"line-cap":"round","line-join":"miter","visibility":"visible"},"paint":{"line-color":"#fff","line-width":{"base":1.2,"stops":[[6.5,0],[8,0.5],[9,1],[12,2],[15,6],[20,65]]}},"filter":["all",["!in","brunnel","bridge","tunnel"],["in","class","secondary","tertiary"]]},{"id":"highway-primary","type":"line","source":"openmaptiles","source-layer":"transportation","minzoom":9.0,"layout":{"line-cap":"round","line-join":"miter","visibility":"visible"},"paint":{"line-color":"#fff","line-width":{"base":1.2,"stops":[[8,0.5],[9,1],[12,2],[15,6],[20,60]]}},"filter":["all",["==","$type","LineString"],["all",["!in","brunnel","bridge","tunnel"],["in","class","primary"]]]},{"id":"highway-trunk","type":"line","source":"openmaptiles","source-layer":"transportation","minzoom":6.0,"layout":{"line-cap":"butt","line-join":"miter","visibility":"visible"},"paint":{"line-color":"#fff","line-width":{"base":1.2,"stops":[[6.5,0],[8,0.5],[9,1],[12,2],[15,6],[20,60]]}},"filter":["all",["==","$type","LineString"],["all",["!in","brunnel","bridge","tunnel"],["in","class","trunk"]]]},{"id":"highway-motorway","type":"line","source":"openmaptiles","source-layer":"transportation","minzoom":7.0,"layout":{"line-cap":"round","line-join":"miter","visibility":"visible"},"paint":{"line-color":"#fff","line-width":{"base":1.2,"stops":[[7,0],[8,0.75],[10,2],[15,6],[20,78]]}},"filter":["all",["==","$type","LineString"],["!in","brunnel","bridge","tunnel"],["==","class","motorway"],["!=","ramp",1]]},{"id":"railway-transit","type":"line","source":"openmaptiles","source-layer":"transportation","layout":{"visibility":"visible"},"paint":{"line-color":"hsla(0, 0%, 73%, 0.77)","line-width":{"base":1.4,"stops":[[14,0.4],[20,1]]}},"filter":["all",["==","$type","LineString"],["all",["==","class","transit"],["!in","brunnel","tunnel"]]]},{"id":"railway-transit-hatching","type":"line","source":"openmaptiles","source-layer":"transportation","layout":{"visibility":"visible"},"paint":{"line-color":"hsla(0, 0%, 73%, 0.68)","line-width":{"base":1.4,"stops":[[14.5,0],[15,2],[20,6]]},"line-dasharray":[0.2,8]},"filter":["all",["==","$type","LineString"],["all",["==","class","transit"],["!in","brunnel","tunnel"]]]},{"id":"railway-service","type":"line","source":"openmaptiles","source-layer":"transportation","paint":{"line-color":"hsla(0, 0%, 73%, 0.77)","line-width":{"base":1.4,"stops":[[14,0.4],[20,1]]}},"filter":["all",["==","$type","LineString"],["all",["==","class","rail"],["has","service"]]]},{"id":"railway-service-hatching","type":"line","source":"openmaptiles","source-layer":"transportation","layout":{"visibility":"visible"},"paint":{"line-color":"hsla(0, 0%, 73%, 0.68)","line-width":{"base":1.4,"stops":[[14.5,0],[15,2],[20,6]]},"line-dasharray":[0.2,8]},"filter":["all",["==","$type","LineString"],["all",["==","class","rail"],["has","service"]]]},{"id":"railway","type":"line","source":"openmaptiles","source-layer":"transportation","minzoom":5.0,"maxzoom":24.0,"paint":{"line-color":"#bbb","line-width":{"base":1.4,"stops":[[14,0.4],[15,0.75],[20,2]]}},"filter":["all",["==","$type","LineString"],["all",["!has","service"],["!in","brunnel","bridge","tunnel"],["==","class","rail"]]]},{"id":"railway-hatching","type":"line","source":"openmaptiles","source-layer":"transportation","paint":{"line-color":"#bbb","line-width":{"base":1.4,"stops":[[14.5,0],[15,3],[20,8]]},"line-dasharray":[0.2,8]},"filter":["all",["==","$type","LineString"],["all",["!has","service"],["!in","brunnel","bridge","tunnel"],["==","class","rail"]]]},{"id":"bridge-area","type":"fill","source":"openmaptiles","source-layer":"transportation","layout":{"visibility":"visible"},"paint":{"fill-color":"#fff","fill-opacity":0.5,"fill-antialias":true},"filter":["all",["==","$type","Polygon"],["==","brunnel","bridge"]]},{"id":"bridge-motorway-link-casing","type":"line","source":"openmaptiles","source-layer":"transportation","minzoom":12.0,"layout":{"line-cap":"butt","line-join":"miter"},"paint":{"line-color":"#bbb","line-width":{"base":1.2,"stops":[[12,3],[15,8],[20,67]]},"line-opacity":1},"filter":["all",["==","brunnel","bridge"],["==","class","motorway"],["==","ramp",1]]},{"id":"bridge-link-casing","type":"line","source":"openmaptiles","source-layer":"transportation","layout":{"line-join":"round"},"paint":{"line-color":"#bbb","line-width":{"base":1.2,"stops":[[12,1],[13,3],[14,4],[20,15]]},"line-opacity":1},"filter":["all",["==","brunnel","bridge"],["in","class","primary_link","secondary_link","tertiary_link","trunk_link"]]},{"id":"bridge-secondary-tertiary-casing","type":"line","source":"openmaptiles","source-layer":"transportation","minzoom":15.0,"layout":{"line-cap":"butt","line-join":"miter","visibility":"visible"},"paint":{"line-color":"#bbb","line-width":{"base":1.2,"stops":[[15,5],[20,62]]},"line-opacity":1},"filter":["all",["==","brunnel","bridge"],["in","class","secondary","tertiary"]]},{"id":"bridge-trunk-primary-casing","type":"line","source":"openmaptiles","source-layer":"transportation","minzoom":6.0,"layout":{"line-cap":"butt","line-join":"miter","visibility":"visible"},"paint":{"line-color":{"stops":[[6,"#bbb"],[9,"#eee"],[12,"#bbb"]]},"line-width":{"base":1.2,"stops":[[6,0.5],[8,1],[9,4],[12,3.5],[15,6],[20,62]]},"line-opacity":1},"filter":["all",["==","brunnel","bridge"],["in","class","primary","trunk"]]},{"id":"bridge-motorway-casing","type":"line","source":"openmaptiles","source-layer":"transportation","layout":{"line-cap":"butt","line-join":"miter","visibility":"visible"},"paint":{"line-color":{"stops":[[6,"#ddd"],[9,"#eee"],[10,"#bbb"]]},"line-width":{"base":1.2,"stops":[[3.5,1],[6,1],[8,4],[10,4],[15,8],[20,82]]},"line-opacity":{"stops":[[4,0],[4.5,1]]}},"filter":["all",["==","brunnel","bridge"],["==","class","motorway"],["!=","ramp",1]]},{"id":"bridge-path-casing","type":"line","source":"openmaptiles","source-layer":"transportation","paint":{"line-color":"#ddd","line-width":{"base":1.2,"stops":[[15,1.2],[20,18]]},"line-opacity":0.6},"filter":["all",["==","$type","LineString"],["all",["==","brunnel","bridge"],["==","class","path"]]]},{"id":"bridge-path","type":"line","source":"openmaptiles","source-layer":"transportation","paint":{"line-color":"#fff","line-width":{"base":1.2,"stops":[[14,0.1],[18,2],[20,6]]},"line-dasharray":[1.5,0.75]},"filter":["all",["==","$type","LineString"],["all",["==","brunnel","bridge"],["==","class","path"]]]},{"id":"bridge-motorway-link","type":"line","source":"openmaptiles","source-layer":"transportation","layout":{"line-cap":"round","line-join":"miter","visibility":"visible"},"paint":{"line-color":"#fff","line-width":{"base":1.2,"stops":[[12,2],[15,6],[20,65]]}},"filter":["all",["==","brunnel","bridge"],["==","class","motorway"],["==","ramp",1]]},{"id":"bridge-link","type":"line","source":"openmaptiles","source-layer":"transportation","layout":{"line-join":"round"},"paint":{"line-color":"#fff","line-width":{"base":1.2,"stops":[[12.5,0],[13,1.5],[14,2.5],[20,11.5]]}},"filter":["all",["==","brunnel","bridge"],["in","class","primary_link","secondary_link","tertiary_link","trunk_link"]]},{"id":"bridge-secondary-tertiary","type":"line","source":"openmaptiles","source-layer":"transportation","minzoom":6.0,"layout":{"line-cap":"round","line-join":"miter","visibility":"visible"},"paint":{"line-color":"#fff","line-width":{"base":1.2,"stops":[[6.5,0],[8,0.5],[9,1],[12,2],[15,5],[20,60]]}},"filter":["all",["==","brunnel","bridge"],["in","class","secondary","tertiary"]]},{"id":"bridge-trunk-primary","type":"line","source":"openmaptiles","source-layer":"transportation","minzoom":9.0,"layout":{"line-cap":"round","line-join":"miter","visibility":"visible"},"paint":{"line-color":"#fff","line-width":{"base":1.2,"stops":[[8,0.5],[9,1],[12,2],[15,6],[20,60]]}},"filter":["all",["==","brunnel","bridge"],["in","class","primary","trunk"]]},{"id":"bridge-motorway","type":"line","source":"openmaptiles","source-layer":"transportation","layout":{"line-cap":"round","line-join":"miter","visibility":"visible"},"paint":{"line-color":"#fff","line-width":{"base":1.2,"stops":[[7,0],[8,0.75],[10,2],[15,6],[20,78]]}},"filter":["all",["==","brunnel","bridge"],["==","class","motorway"],["!=","ramp",1]]},{"id":"bridge-railway","type":"line","source":"openmaptiles","source-layer":"transportation","paint":{"line-color":"#bbb","line-width":{"base":1.4,"stops":[[14,0.4],[15,0.75],[20,2]]}},"filter":["all",["==","brunnel","bridge"],["==","class","rail"]]},{"id":"bridge-railway-hatching","type":"line","source":"openmaptiles","source-layer":"transportation","paint":{"line-color":"#bbb","line-width":{"base":1.4,"stops":[[14.5,0],[15,3],[20,8]]},"line-dasharray":[0.2,8]},"filter":["all",["==","brunnel","bridge"],["==","class","rail"]]},{"id":"cablecar","type":"line","source":"openmaptiles","source-layer":"transportation","minzoom":13.0,"layout":{"line-cap":"round","visibility":"visible"},"paint":{"line-color":"hsl(0, 0%, 70%)","line-width":{"base":1,"stops":[[11,1],[19,2.5]]}},"filter":["==","class","cable_car"]},{"id":"cablecar-dash","type":"line","source":"openmaptiles","source-layer":"transportation","minzoom":13.0,"layout":{"line-cap":"round","visibility":"visible"},"paint":{"line-color":"hsl(0, 0%, 70%)","line-width":{"base":1,"stops":[[11,3],[19,5.5]]},"line-dasharray":[2,3]},"filter":["==","class","cable_car"]},{"id":"pedestrian-area","type":"fill","source":"openmaptiles","source-layer":"transportation","minzoom":13.0,"layout":{"visibility":"visible"},"paint":{"fill-pattern":"pedestrian_polygon"},"metadata":{},"filter":["all",["==","$type","Polygon"],["in","subclass","pedestrian","path"]]},{"id":"boundary-land-level-4","type":"line","source":"openmaptiles","source-layer":"boundary","minzoom":10.0,"layout":{"line-join":"round"},"paint":{"line-color":"#9e9cab","line-width":{"base":1.4,"stops":[[4,0.4],[5,1],[12,2]]},"line-dasharray":[3,1,1,1]},"filter":["all",[">=","admin_level",4],["<=","admin_level",5],["!=","maritime",1]]},{"id":"boundary-land-level-2","type":"line","source":"openmaptiles","source-layer":"boundary","layout":{"line-cap":"round","line-join":"round"},"paint":{"line-color":"#999","line-width":{"base":1,"stops":[[3,1],[6,1.2],[12,2]]},"line-opacity":{"stops":[[0,0.4],[4,0.8]]}},"filter":["all",["==","admin_level",2],["!=","maritime",1],["!=","disputed",1]]},{"id":"waterway-name","type":"symbol","source":"openmaptiles","source-layer":"waterway","minzoom":13.0,"layout":{"text-font":["Noto Sans Italic"],"text-size":14,"text-field":"{name:latin} {name:nonlatin}","symbol-spacing":350,"text-max-width":5,"symbol-placement":"line","text-letter-spacing":0.2,"text-rotation-alignment":"map"},"paint":{"text-color":"#75818B","text-halo-color":"rgba(255,255,255,0.7)","text-halo-width":1.5},"filter":["all",["==","$type","LineString"],["has","name"]]},{"id":"water-name-lakeline","type":"symbol","source":"openmaptiles","source-layer":"water_name","layout":{"text-font":["Noto Sans Italic"],"text-size":14,"text-field":"{name:latin}\n{name:nonlatin}","visibility":"visible","symbol-spacing":350,"text-max-width":5,"symbol-placement":"line","text-letter-spacing":0.2,"text-rotation-alignment":"map"},"paint":{"text-color":"#74aee9","text-halo-color":"rgba(255,255,255,0.7)","text-halo-width":1.5},"filter":["==","$type","LineString"]},{"id":"water-name-ocean","type":"symbol","source":"openmaptiles","source-layer":"water_name","layout":{"text-font":["Noto Sans Italic"],"text-size":14,"text-field":"{name:latin}","visibility":"visible","symbol-spacing":350,"text-max-width":5,"symbol-placement":"point","text-letter-spacing":0.2,"text-rotation-alignment":"map"},"paint":{"text-color":"#74aee9","text-halo-color":"rgba(255,255,255,0.7)","text-halo-width":1.5},"filter":["all",["==","$type","Point"],["==","class","ocean"]]},{"id":"water-name-other","type":"symbol","source":"openmaptiles","source-layer":"water_name","layout":{"text-font":["Noto Sans Italic"],"text-size":12,"text-field":"{name:latin}\n{name:nonlatin}","visibility":"visible","symbol-spacing":350,"text-max-width":5,"symbol-placement":"point","text-letter-spacing":0.05,"text-rotation-alignment":"map"},"paint":{"text-color":"#75818B","text-halo-color":"rgba(255,255,255,0.7)","text-halo-width":1.5},"filter":["all",["==","$type","Point"],["!in","class","ocean"]]},{"id":"poi-all","type":"symbol","source":"openmaptiles","source-layer":"poi","minzoom":16.5,"maxzoom":24.0,"layout":{"text-font":["Roboto Condensed Italic","Noto Sans Italic"],"text-size":12,"icon-image":"{class}_11","text-field":"{name:latin}\n{name:nonlatin}","visibility":"visible","text-anchor":"top","text-offset":[0,0.9],"text-padding":2,"text-max-width":9},"paint":{"text-color":"#888","text-halo-blur":0.5,"text-halo-color":"#ffffff","text-halo-width":1},"filter":["all",["==","$type","Point"]]},{"id":"poi-playground","type":"symbol","source":"openmaptiles","source-layer":"poi","minzoom":15.5,"maxzoom":24.0,"layout":{"text-font":["Roboto Condensed Italic","Noto Sans Italic"],"text-size":12,"icon-image":"{class}_11","text-field":"{name:latin}\n{name:nonlatin}","visibility":"visible","text-anchor":"top","text-offset":[0,0.9],"text-padding":2,"text-max-width":9},"paint":{"text-color":"#888","text-halo-blur":0.5,"text-halo-color":"#ffffff","text-halo-width":1},"filter":["all",["==","$type","Point"],["in","class","playground"]]},{"id":"poi-public","type":"symbol","source":"openmaptiles","source-layer":"poi","minzoom":15.5,"maxzoom":24.0,"layout":{"text-font":["Roboto Condensed Italic","Noto Sans Italic"],"text-size":12,"icon-image":"{class}_11","text-field":"{name:latin}\n{name:nonlatin}","visibility":"visible","text-anchor":"top","text-offset":[0,0.9],"text-padding":2,"text-max-width":9},"paint":{"text-color":"#888","text-halo-blur":0.5,"text-halo-color":"#ffffff","text-halo-width":1},"filter":["all",["==","$type","Point"],["in","class","amusement_park","aquarium","campsite","castle","college","embassy","ferry_terminal","fire_station","garden","golf","harbor","hospital","information","library","monument","mountain","museum","music","police","post","prison","school","stadium","swimming","theatre","town_hall","volcano","zoo"]]},{"id":"poi-transport","type":"symbol","source":"openmaptiles","source-layer":"poi","minzoom":14.75,"maxzoom":24.0,"layout":{"text-font":["Roboto Condensed Italic","Noto Sans Italic"],"text-size":12,"icon-image":"{class}_11","text-field":"{name:latin}\n{name:nonlatin}","visibility":"visible","text-anchor":"top","text-offset":[0,0.6],"text-padding":2,"text-max-width":9},"paint":{"text-color":"#666","text-halo-blur":0.5,"text-halo-color":"#ffffff","text-halo-width":1},"filter":["all",["==","$type","Point"],["in","class","airport","bus","cemetery","ferry_terminal","heliport","railway","park"],["!=","subclass","grave_yard"]]},{"id":"poi-churches","type":"symbol","source":"openmaptiles","source-layer":"poi","minzoom":14.05,"maxzoom":24.0,"layout":{"text-font":["Roboto Condensed Italic","Noto Sans Italic"],"text-size":12,"icon-image":"religious_christian_11","text-field":"{name:latin}\n{name:nonlatin}","visibility":"visible","text-anchor":"top","text-offset":[0,0.9],"text-padding":2,"icon-optional":false,"text-max-width":9,"icon-allow-overlap":true,"text-allow-overlap":true,"icon-ignore-placement":false},"paint":{"text-color":"#666","text-halo-blur":0.5,"text-halo-color":"#ffffff","text-halo-width":1},"filter":["all",["==","$type","Point"],["all",["in","class","place_of_worship"],["in","subclass","christian"]]]},{"id":"highway-name-path","type":"symbol","source":"openmaptiles","source-layer":"transportation_name","minzoom":15.5,"layout":{"text-font":["Noto Sans Regular"],"text-size":{"base":1,"stops":[[13,12],[14,13]]},"text-field":"{name:latin} {name:nonlatin}","symbol-placement":"line","text-rotation-alignment":"map"},"paint":{"text-color":"#666","text-halo-color":"#fff","text-halo-width":0.5},"filter":["==","class","path"]},{"id":"highway-name-minor","type":"symbol","source":"openmaptiles","source-layer":"transportation_name","minzoom":14.25,"maxzoom":24.0,"layout":{"text-font":["Noto Sans Regular"],"text-size":{"base":1,"stops":[[14,9],[15,10]]},"text-field":"{name:latin} {name:nonlatin}","symbol-placement":"line","text-rotation-alignment":"map"},"paint":{"text-color":"#666","text-halo-blur":0.5,"text-halo-width":1},"filter":["all",["==","$type","LineString"],["in","class","minor","service","track"]]},{"id":"highway-name-major","type":"symbol","source":"openmaptiles","source-layer":"transportation_name","minzoom":12.2,"layout":{"text-font":["Noto Sans Regular"],"text-size":{"base":1,"stops":[[12,10],[15,12]]},"text-field":"{name:latin} {name:nonlatin}","symbol-placement":"line","text-rotation-alignment":"map"},"paint":{"text-color":"#666","text-halo-blur":0.5,"text-halo-width":1},"filter":["in","class","primary","secondary","tertiary","trunk"]},{"id":"highway-shield","type":"symbol","source":"openmaptiles","source-layer":"transportation_name","minzoom":9.0,"layout":{"icon-size":1,"text-font":["Noto Sans Regular"],"text-size":10,"icon-image":"road_{ref_length}","text-field":"{ref}","symbol-spacing":200,"symbol-placement":{"base":1,"stops":[[10,"point"],[11,"line"]]},"icon-rotation-alignment":"viewport","text-rotation-alignment":"viewport"},"paint":{},"filter":["all",["<=","ref_length",6],["==","$type","LineString"],["!in","network","us-interstate","us-highway","us-state"]]},{"id":"highway-shield-us-interstate","type":"symbol","source":"openmaptiles","source-layer":"transportation_name","minzoom":7.0,"layout":{"icon-size":1,"text-font":["Noto Sans Regular"],"text-size":10,"icon-image":"{network}_{ref_length}","text-field":"{ref}","symbol-spacing":200,"symbol-placement":{"base":1,"stops":[[7,"point"],[7,"line"],[8,"line"]]},"icon-rotation-alignment":"viewport","text-rotation-alignment":"viewport"},"paint":{"text-color":"rgba(255, 255, 255, 1)"},"filter":["all",["<=","ref_length",6],["==","$type","LineString"],["in","network","us-interstate"]]},{"id":"highway-shield-us-other","type":"symbol","source":"openmaptiles","source-layer":"transportation_name","minzoom":9.0,"layout":{"icon-size":1,"text-font":["Noto Sans Regular"],"text-size":10,"icon-image":"{network}_{ref_length}","text-field":"{ref}","symbol-spacing":200,"symbol-placement":{"base":1,"stops":[[10,"point"],[11,"line"]]},"icon-rotation-alignment":"viewport","text-rotation-alignment":"viewport"},"paint":{"text-color":"rgba(0, 0, 0, 1)"},"filter":["all",["<=","ref_length",6],["==","$type","LineString"],["in","network","us-highway","us-state"]]},{"id":"airport-label-major","type":"symbol","source":"openmaptiles","source-layer":"aerodrome_label","minzoom":10.0,"layout":{"icon-size":1,"text-font":["Noto Sans Regular"],"text-size":12,"icon-image":"airport_11","text-field":"{name:latin}\n{name:nonlatin}","visibility":"visible","text-anchor":"top","text-offset":[0,0.6],"text-padding":2,"text-optional":true,"text-max-width":9},"paint":{"text-color":"#666","text-halo-blur":0.5,"text-halo-color":"#ffffff","text-halo-width":1},"filter":["all",["has","iata"]]},{"id":"place-other","type":"symbol","source":"openmaptiles","source-layer":"place","layout":{"text-font":["Roboto Condensed Italic","Noto Sans Italic"],"text-size":{"base":1.2,"stops":[[12,10],[15,18]]},"text-field":"{name:latin}\n{name:nonlatin}","visibility":"visible","text-max-width":9,"text-transform":"uppercase","icon-allow-overlap":false,"text-letter-spacing":0.1,"icon-ignore-placement":false},"paint":{"text-color":"#b31b34","text-halo-color":"rgba(255,255,255,0.8)","text-halo-width":1.2},"filter":["!in","class","city","town","village","country","continent"]},{"id":"place-village","type":"symbol","source":"openmaptiles","source-layer":"place","layout":{"text-font":["Noto Sans Regular"],"text-size":{"base":1.2,"stops":[[10,12],[15,22]]},"text-field":"{name:latin}\n{name:nonlatin}","visibility":"visible","text-max-width":8},"paint":{"text-color":"#b31b34","text-halo-color":"rgba(255,255,255,0.8)","text-halo-width":1.2},"filter":["==","class","village"]},{"id":"place-town","type":"symbol","source":"openmaptiles","source-layer":"place","layout":{"text-font":["Noto Sans Bold"],"text-size":{"base":1.2,"stops":[[10,14],[15,24]]},"text-field":"{name:latin}\n{name:nonlatin}","visibility":"visible","text-max-width":8},"paint":{"text-color":"#b31b34","text-halo-color":"rgba(255,255,255,0.8)","text-halo-width":1.2},"filter":["==","class","town"]},{"id":"place-city","type":"symbol","source":"openmaptiles","source-layer":"place","layout":{"text-font":["Noto Sans Bold"],"text-size":{"base":1.2,"stops":[[7,14],[11,24]]},"text-field":"{name:latin}\n{name:nonlatin}","visibility":"visible","text-max-width":8},"paint":{"text-color":"#b31b34","text-halo-color":"rgba(255,255,255,0.8)","text-halo-width":1.2},"filter":["all",["!=","capital",2],["==","class","city"]]},{"id":"place-city-capital","type":"symbol","source":"openmaptiles","source-layer":"place","layout":{"icon-size":0.8,"text-font":["Roboto Medium","Noto Sans Regular"],"text-size":{"base":1.2,"stops":[[7,14],[11,24]]},"icon-image":"star_11","text-field":"{name:latin}\n{name:nonlatin}","visibility":"visible","text-anchor":"left","text-offset":[0.4,0],"text-max-width":8},"paint":{"text-color":"#b31b34","text-halo-color":"rgba(255,255,255,0.8)","text-halo-width":1.2},"filter":["all",["==","capital",2],["==","class","city"]]},{"id":"place-country-other","type":"symbol","source":"openmaptiles","source-layer":"place","layout":{"text-font":["Noto Sans Italic"],"text-size":{"stops":[[3,11],[7,17]]},"text-field":"{name:latin}","visibility":"visible","text-max-width":6.25,"text-transform":"uppercase"},"paint":{"text-color":"#334","text-halo-blur":1,"text-halo-color":"rgba(255,255,255,0.8)","text-halo-width":2},"filter":["all",["==","class","country"],[">=","rank",3],["!has","iso_a2"]]},{"id":"place-country-3","type":"symbol","source":"openmaptiles","source-layer":"place","layout":{"text-font":["Noto Sans Bold"],"text-size":{"stops":[[3,11],[7,17]]},"text-field":"{name:latin}","visibility":"visible","text-max-width":6.25,"text-transform":"uppercase"},"paint":{"text-color":"#b31b34","text-halo-blur":1,"text-halo-color":"rgba(255,255,255,0.8)","text-halo-width":2},"filter":["all",["==","class","country"],[">=","rank",3],["has","iso_a2"]]},{"id":"place-country-2","type":"symbol","source":"openmaptiles","source-layer":"place","layout":{"text-font":["Noto Sans Bold"],"text-size":{"stops":[[2,11],[5,17]]},"text-field":"{name:latin}","visibility":"visible","text-max-width":6.25,"text-transform":"uppercase"},"paint":{"text-color":"#b31b34","text-halo-blur":1,"text-halo-color":"rgba(255,255,255,0.8)","text-halo-width":2},"filter":["all",["==","class","country"],["==","rank",2],["has","iso_a2"]]},{"id":"place-country-1","type":"symbol","source":"openmaptiles","source-layer":"place","layout":{"text-font":["Noto Sans Bold"],"text-size":{"stops":[[1,11],[4,17]]},"text-field":"{name:latin}","visibility":"visible","text-max-width":6.25,"text-transform":"uppercase"},"paint":{"text-color":"#b31b34","text-halo-blur":1,"text-halo-color":"rgba(255,255,255,0.8)","text-halo-width":2},"filter":["all",["==","class","country"],["==","rank",1],["has","iso_a2"]]},{"id":"place-continent","type":"symbol","source":"openmaptiles","source-layer":"place","maxzoom":1.0,"layout":{"text-font":["Noto Sans Bold"],"text-size":14,"text-field":"{name:latin}","visibility":"visible","text-max-width":6.25,"text-transform":"uppercase"},"paint":{"text-color":"#334","text-halo-blur":1,"text-halo-color":"rgba(255,255,255,0.8)","text-halo-width":2},"filter":["==","class","continent"]}]  }