<?xml version="1.0" encoding="UTF-8"?>

<NewFormatters xmlns:xsi="http://www.w3.org/2001/XMLSchema-instance" xsi:noNamespaceSchemaLocation="opencms://system/modules/org.opencms.ade.config/schemas/formatters/new_formatter.xsd">
  <NewFormatter language="en">
    <NiceName><![CDATA[%(key.type.m-privacypolicy.formatter.banner)]]></NiceName>
    <Type><![CDATA[m-privacypolicy]]></Type>
    <Key><![CDATA[m/privacy-policy/banner]]></Key>
    <Jsp>
      <link type="WEAK">
        <target><![CDATA[/system/modules/alkacon.mercury.template/formatters/privacy-policy/banner.jsp]]></target>
        <uuid>99e405c5-dbe6-4858-be73-85519bcce312</uuid>
      </link>
    </Jsp>
    <Description><![CDATA[%(key.type.m-privacypolicy.description.formatter)]]></Description>
    <Rank><![CDATA[1000]]></Rank>
    <Match>
      <Types>
        <ContainerType><![CDATA[privacypolicy]]></ContainerType>
      </Types>
    </Match>
    <Display><![CDATA[privacy-policy]]></Display>
    <AutoEnabled>false</AutoEnabled>
    <SearchContent>false</SearchContent>
    <StrictContainers>true</StrictContainers>
  </NewFormatter>
</NewFormatters>
