<?xml version="1.0" encoding="UTF-8"?>

<NewFormatters xmlns:xsi="http://www.w3.org/2001/XMLSchema-instance" xsi:noNamespaceSchemaLocation="opencms://system/modules/org.opencms.ade.config/schemas/formatters/new_formatter.xsd">
  <NewFormatter language="en">
    <NiceName><![CDATA[%(key.type.list.formatter.facets)]]></NiceName>
    <Type><![CDATA[listconfig]]></Type>
    <Key><![CDATA[m/list/sortoptions]]></Key>
    <Jsp>
      <link type="WEAK">
        <target><![CDATA[/system/modules/alkacon.mercury.template/formatters/list/sortoptions.jsp]]></target>
        <uuid>7b9c8baf-6494-4b30-a3a9-232029e24cc4</uuid>
      </link>
    </Jsp>
    <Description><![CDATA[%(key.type.list.description.formatter) %(key.type.list.description.formatter.facets)]]></Description>
    <Rank><![CDATA[13000]]></Rank>
    <Match>
      <Types>
        <ContainerType><![CDATA[element]]></ContainerType>
        <ContainerType><![CDATA[m-element]]></ContainerType>
        <ContainerType><![CDATA[list]]></ContainerType>
      </Types>
    </Match>
    <AutoEnabled>false</AutoEnabled>
    <SearchContent>false</SearchContent>
    <StrictContainers>true</StrictContainers>
    <IncludeSettings>
      <link type="WEAK">
        <target><![CDATA[/system/modules/alkacon.mercury.template/configuration/shared-settings.xml]]></target>
        <uuid>77009936-87a5-42b3-86ff-90252ede0593</uuid>
      </link>
    </IncludeSettings>
    <Setting>
      <IncludeName><![CDATA[cssWrapper.default]]></IncludeName>
    </Setting>
    <Setting>
      <IncludeName><![CDATA[showsorttitle.true]]></IncludeName>
    </Setting>
    <Setting>
      <IncludeName><![CDATA[showsortdate.true]]></IncludeName>
    </Setting>
    <Setting>
      <IncludeName><![CDATA[showsortorder.false]]></IncludeName>
    </Setting>
    <Setting>
      <IncludeName><![CDATA[showfacetcategory.false]]></IncludeName>
    </Setting>
    <Setting>
      <IncludeName><![CDATA[catdisplayoptions.filter]]></IncludeName>
    </Setting>
    <Setting>
      <IncludeName><![CDATA[catfilters.filter]]></IncludeName>
    </Setting>
  </NewFormatter>
</NewFormatters>
