<?xml version="1.0" encoding="UTF-8"?>

<NewFormatters xmlns:xsi="http://www.w3.org/2001/XMLSchema-instance" xsi:noNamespaceSchemaLocation="opencms://system/modules/org.opencms.ade.config/schemas/formatters/new_formatter.xsd">
  <NewFormatter language="en">
    <NiceName><![CDATA[%(key.type.list.formatter.static)]]></NiceName>
    <Type><![CDATA[listconfig]]></Type>
    <Key><![CDATA[m/list/static]]></Key>
    <Jsp>
      <link type="WEAK">
        <target><![CDATA[/system/modules/alkacon.mercury.template/formatters/list/static.jsp]]></target>
        <uuid>04be6bf8-1f64-4b7c-b999-9e59ce4d471b</uuid>
      </link>
    </Jsp>
    <Description><![CDATA[%(key.type.list.description.formatter) %(key.type.list.description.formatter.static)]]></Description>
    <Rank><![CDATA[19000]]></Rank>
    <Match>
      <Types>
        <ContainerType><![CDATA[element]]></ContainerType>
        <ContainerType><![CDATA[m-element]]></ContainerType>
        <ContainerType><![CDATA[list]]></ContainerType>
      </Types>
    </Match>
    <AutoEnabled>false</AutoEnabled>
    <SearchContent>false</SearchContent>
    <StrictContainers>true</StrictContainers>
    <NestedFormatterSettings>true</NestedFormatterSettings>
    <IncludeSettings>
      <link type="WEAK">
        <target><![CDATA[/system/modules/alkacon.mercury.template/configuration/shared-settings.xml]]></target>
        <uuid>77009936-87a5-42b3-86ff-90252ede0593</uuid>
      </link>
    </IncludeSettings>
    <Setting>
      <IncludeName><![CDATA[cssWrapper.default]]></IncludeName>
    </Setting>
    <Setting>
      <IncludeName><![CDATA[cssWrapperListOption.default]]></IncludeName>
    </Setting>
    <Setting>
      <IncludeName><![CDATA[listHsize.2]]></IncludeName>
    </Setting>
    <Setting>
      <IncludeName><![CDATA[itemsPerPage.static]]></IncludeName>
    </Setting>
  </NewFormatter>
</NewFormatters>
