<?xml version="1.0" encoding="UTF-8"?>

<NewFormatters xmlns:xsi="http://www.w3.org/2001/XMLSchema-instance" xsi:noNamespaceSchemaLocation="opencms://system/modules/org.opencms.ade.config/schemas/formatters/new_formatter.xsd">
  <NewFormatter language="en">
    <NiceName><![CDATA[%(key.type.m-decoy.formatter.teaser.square)]]></NiceName>
    <Type><![CDATA[m-decoy]]></Type>
    <Key><![CDATA[m/display/imagetile/decoy]]></Key>
    <Jsp>
      <link type="WEAK">
        <target><![CDATA[/system/modules/alkacon.mercury.template/formatters/display/imagetile/decoy.jsp]]></target>
        <uuid>7eed8981-3bfa-11e9-a38a-0242ac11002b</uuid>
      </link>
    </Jsp>
    <Description><![CDATA[%(key.type.m-decoy.description.formatter) %(key.type.general.description.teaser.imagetile) %(key.type.general.description.teaser.list-only)]]></Description>
    <Rank><![CDATA[12000]]></Rank>
    <Match>
      <Types>
        <ContainerType><![CDATA[imagetile]]></ContainerType>
        <ContainerType><![CDATA[decoy]]></ContainerType>
      </Types>
    </Match>
    <Display><![CDATA[teaser-image-tile]]></Display>
    <AutoEnabled>false</AutoEnabled>
    <SearchContent>true</SearchContent>
    <StrictContainers>true</StrictContainers>
    <IncludeSettings>
      <link type="WEAK">
        <target><![CDATA[/system/modules/alkacon.mercury.template/configuration/shared-settings.xml]]></target>
        <uuid>77009936-87a5-42b3-86ff-90252ede0593</uuid>
      </link>
    </IncludeSettings>
    <Setting>
      <IncludeName><![CDATA[cssWrapper.default]]></IncludeName>
    </Setting>
    <Setting>
      <IncludeName><![CDATA[dateFormat.default]]></IncludeName>
    </Setting>
    <Setting>
      <IncludeName><![CDATA[imageRatio.square]]></IncludeName>
    </Setting>
    <Setting>
      <IncludeName><![CDATA[effect.tile]]></IncludeName>
    </Setting>
    <Setting>
      <IncludeName><![CDATA[squareGrid.square]]></IncludeName>
    </Setting>
    <Setting>
      <IncludeName><![CDATA[firstSquare.square]]></IncludeName>
    </Setting>
    <Setting>
      <IncludeName><![CDATA[listWrapper.imageTile]]></IncludeName>
    </Setting>
    <Setting>
      <IncludeName><![CDATA[showPreface.true]]></IncludeName>
    </Setting>
    <Setting>
      <IncludeName><![CDATA[listEntryMinHeight.imageTile]]></IncludeName>
    </Setting>
    <Setting>
      <IncludeName><![CDATA[listCssWrapper.imageTile]]></IncludeName>
    </Setting>
    <Setting>
      <IncludeName><![CDATA[listEntryWrapper.default]]></IncludeName>
    </Setting>
  </NewFormatter>
</NewFormatters>
