<?xml version="1.0" encoding="UTF-8"?>

<export>
	<info>
		<infoproject>Offline</infoproject>
		<export_version>10</export_version>
	</info>
	<module>
		<name>alkacon.mercury.template.jsondemo</name>
		<nicename><![CDATA[Mercury template: JSON Demo]]></nicename>
		<group>Mercury template</group>
		<class/>
		<import-site>/sites/default</import-site>
		<export-mode name="reduced"/>
		<description><![CDATA[The OpenCms Mercury template JSON demo contents and formatters.]]></description>
		<version>18.0.0</version>
		<autoincrement>true</autoincrement>
		<authorname><![CDATA[Alkacon Software GmbH & Co. KG]]></authorname>
		<authoremail/>
		<datecreated/>
		<userinstalled/>
		<dateinstalled/>
		<dependencies>
			<dependency name="alkacon.mercury.template.democontents" version="18.0.0"/>
		</dependencies>
		<exportpoints/>
		<resources>
			<resource uri="/system/modules/alkacon.mercury.template.jsondemo/"/>
			<resource uri="/mercury-json/"/>
		</resources>
		<excluderesources/>
		<parameters/>
	</module>
	<files>
		<file>
			<destination>mercury-json</destination>
			<type>subsitemap</type>
			<uuidstructure>aab03c68-00e5-11ec-8018-0242ac11002b</uuidstructure>
			<datecreated>Thu, 19 Aug 2021 12:04:55 GMT</datecreated>
			<flags>0</flags>
			<properties>
				<property>
					<name>NavPos</name>
					<value><![CDATA[1.0296874]]></value>
				</property>
				<property>
					<name>NavText</name>
					<value><![CDATA[JSON Api]]></value>
				</property>
				<property>
					<name>Title</name>
					<value><![CDATA[JSON Api]]></value>
				</property>
				<property>
					<name>default-file</name>
					<value><![CDATA[##navigation_level_folder##]]></value>
				</property>
				<property>
					<name>search.subsite</name>
					<value><![CDATA[JSPON API]]></value>
				</property>
			</properties>
			<relations/>
			<accesscontrol/>
		</file>
		<file>
			<source>mercury-json/index.html</source>
			<destination>mercury-json/index.html</destination>
			<type>htmlredirect</type>
			<uuidstructure>a19fe548-2745-11ec-a282-0242ac11002b</uuidstructure>
			<uuidresource>a19fe549-2745-11ec-a282-0242ac11002b</uuidresource>
			<datecreated>Thu, 07 Oct 2021 08:07:35 GMT</datecreated>
			<flags>0</flags>
			<properties>
				<property>
					<name>Title</name>
					<value><![CDATA[Redirect to first page in navigation]]></value>
				</property>
				<property>
					<name>locale-available</name>
					<value><![CDATA[en]]></value>
				</property>
				<property>
					<name>search.exclude</name>
					<value><![CDATA[all]]></value>
				</property>
				<property type="shared">
					<name>template-elements</name>
					<value><![CDATA[/system/modules/org.opencms.ade.sitemap/pages/redirect-detail.jsp]]></value>
				</property>
			</properties>
			<relations/>
			<accesscontrol/>
		</file>
		<file>
			<destination>mercury-json/.content</destination>
			<type>content_folder</type>
			<uuidstructure>e94de655-00e5-11ec-8018-0242ac11002b</uuidstructure>
			<datecreated>Thu, 19 Aug 2021 12:06:40 GMT</datecreated>
			<flags>0</flags>
			<properties/>
			<relations/>
			<accesscontrol/>
		</file>
		<file>
			<source>mercury-json/.content/.config</source>
			<destination>mercury-json/.content/.config</destination>
			<type>sitemap_config</type>
			<uuidstructure>e953d9c7-00e5-11ec-8018-0242ac11002b</uuidstructure>
			<uuidresource>e953d9c8-00e5-11ec-8018-0242ac11002b</uuidresource>
			<datecreated>Thu, 19 Aug 2021 12:06:40 GMT</datecreated>
			<flags>512</flags>
			<properties>
				<property>
					<name>Title</name>
					<value><![CDATA[Sitemap configuration file]]></value>
				</property>
				<property>
					<name>locale</name>
					<value><![CDATA[en]]></value>
				</property>
				<property>
					<name>locale-available</name>
					<value><![CDATA[en]]></value>
				</property>
				<property>
					<name>search.exclude</name>
					<value><![CDATA[all]]></value>
				</property>
			</properties>
			<relations/>
			<accesscontrol/>
		</file>
		<file>
			<destination>mercury-json/.content/list-m</destination>
			<type>folder</type>
			<uuidstructure>dc9a14b0-00f7-11ec-8018-0242ac11002b</uuidstructure>
			<datecreated>Thu, 19 Aug 2021 14:15:09 GMT</datecreated>
			<flags>0</flags>
			<properties/>
			<relations/>
			<accesscontrol/>
		</file>
		<file>
			<source>mercury-json/.content/list-m/list_00001.xml</source>
			<destination>mercury-json/.content/list-m/list_00001.xml</destination>
			<type>listconfig</type>
			<uuidstructure>dc9b9b52-00f7-11ec-8018-0242ac11002b</uuidstructure>
			<uuidresource>dc9b9b53-00f7-11ec-8018-0242ac11002b</uuidresource>
			<datecreated>Thu, 19 Aug 2021 14:15:09 GMT</datecreated>
			<flags>0</flags>
			<properties>
				<property>
					<name>Title</name>
					<value><![CDATA[Demo 2: Sample List]]></value>
				</property>
				<property>
					<name>locale</name>
					<value><![CDATA[en]]></value>
				</property>
				<property>
					<name>locale-available</name>
					<value><![CDATA[en]]></value>
				</property>
			</properties>
			<relations/>
			<accesscontrol/>
		</file>
		<file>
			<destination>mercury-json/.content/section-m</destination>
			<type>folder</type>
			<uuidstructure>c9dbc1e7-00f6-11ec-8018-0242ac11002b</uuidstructure>
			<datecreated>Thu, 19 Aug 2021 14:07:29 GMT</datecreated>
			<flags>0</flags>
			<properties/>
			<relations/>
			<accesscontrol/>
		</file>
		<file>
			<source>mercury-json/.content/section-m/cs_00001.xml</source>
			<destination>mercury-json/.content/section-m/cs_00001.xml</destination>
			<type>m-section</type>
			<uuidstructure>a982e2f2-04bd-11ec-a85e-0242ac11002b</uuidstructure>
			<uuidresource>a982e2f3-04bd-11ec-a85e-0242ac11002b</uuidresource>
			<datecreated>Tue, 24 Aug 2021 09:28:38 GMT</datecreated>
			<flags>0</flags>
			<properties>
				<property>
					<name>Title</name>
					<value><![CDATA[List editor: Demo 2: Dynamic list]]></value>
				</property>
			</properties>
			<relations/>
			<accesscontrol/>
		</file>
		<file>
			<source>mercury-json/.content/section-m/cs_00002.xml</source>
			<destination>mercury-json/.content/section-m/cs_00002.xml</destination>
			<type>m-section</type>
			<uuidstructure>6d1000f7-00f7-11ec-8018-0242ac11002b</uuidstructure>
			<uuidresource>6d1000f8-00f7-11ec-8018-0242ac11002b</uuidresource>
			<datecreated>Thu, 19 Aug 2021 14:12:02 GMT</datecreated>
			<flags>0</flags>
			<properties>
				<property>
					<name>Title</name>
					<value><![CDATA[Page editor: Turbine]]></value>
				</property>
			</properties>
			<relations/>
			<accesscontrol/>
		</file>
		<file>
			<source>mercury-json/.content/section-m/cs_00003.xml</source>
			<destination>mercury-json/.content/section-m/cs_00003.xml</destination>
			<type>m-section</type>
			<uuidstructure>6b4ae7b2-275f-11ec-a282-0242ac11002b</uuidstructure>
			<uuidresource>6b4ae7b3-275f-11ec-a282-0242ac11002b</uuidresource>
			<datecreated>Thu, 07 Oct 2021 11:12:11 GMT</datecreated>
			<flags>0</flags>
			<properties>
				<property>
					<name>Title</name>
					<value><![CDATA[Demo 2: Dynamic Lists: Demo 2 notes]]></value>
				</property>
			</properties>
			<relations/>
			<accesscontrol/>
		</file>
		<file>
			<source>mercury-json/.content/section-m/cs_00004.xml</source>
			<destination>mercury-json/.content/section-m/cs_00004.xml</destination>
			<type>m-section</type>
			<uuidstructure>410282ea-1f9e-11ec-a7b2-0242ac11002b</uuidstructure>
			<uuidresource>410282eb-1f9e-11ec-a7b2-0242ac11002b</uuidresource>
			<datecreated>Mon, 27 Sep 2021 14:21:49 GMT</datecreated>
			<flags>0</flags>
			<properties>
				<property>
					<name>Title</name>
					<value><![CDATA[Demo 3: Page Layout: Edit the demo 3 content]]></value>
				</property>
			</properties>
			<relations/>
			<accesscontrol/>
		</file>
		<file>
			<source>mercury-json/.content/section-m/cs_00005.xml</source>
			<destination>mercury-json/.content/section-m/cs_00005.xml</destination>
			<type>m-section</type>
			<uuidstructure>b445c0cb-275b-11ec-a282-0242ac11002b</uuidstructure>
			<uuidresource>b445c0cc-275b-11ec-a282-0242ac11002b</uuidresource>
			<datecreated>Thu, 07 Oct 2021 10:45:36 GMT</datecreated>
			<flags>0</flags>
			<properties>
				<property>
					<name>Title</name>
					<value><![CDATA[Demo 1: Content Access: Demo 1 notes]]></value>
				</property>
			</properties>
			<relations/>
			<accesscontrol/>
		</file>
		<file>
			<source>mercury-json/.content/section-m/cs_00006.xml</source>
			<destination>mercury-json/.content/section-m/cs_00006.xml</destination>
			<type>m-section</type>
			<uuidstructure>dc064ba7-03fa-11ec-a85e-0242ac11002b</uuidstructure>
			<uuidresource>dc064ba8-03fa-11ec-a85e-0242ac11002b</uuidresource>
			<datecreated>Mon, 23 Aug 2021 10:14:10 GMT</datecreated>
			<flags>0</flags>
			<properties>
				<property>
					<name>Title</name>
					<value><![CDATA[Headless API Overview: Demo 1: Content Access]]></value>
				</property>
			</properties>
			<relations/>
			<accesscontrol/>
		</file>
		<file>
			<source>mercury-json/.content/section-m/cs_00007.xml</source>
			<destination>mercury-json/.content/section-m/cs_00007.xml</destination>
			<type>m-section</type>
			<uuidstructure>8a2fc7d3-0429-11ec-a85e-0242ac11002b</uuidstructure>
			<uuidresource>8a2fc7d4-0429-11ec-a85e-0242ac11002b</uuidresource>
			<datecreated>Mon, 23 Aug 2021 15:48:20 GMT</datecreated>
			<flags>0</flags>
			<properties>
				<property>
					<name>Title</name>
					<value><![CDATA[Headless API Overview: Demo 3: Page Layout]]></value>
				</property>
			</properties>
			<relations/>
			<accesscontrol/>
		</file>
		<file>
			<source>mercury-json/.content/section-m/cs_00008.xml</source>
			<destination>mercury-json/.content/section-m/cs_00008.xml</destination>
			<type>m-section</type>
			<uuidstructure>58a8c9ed-2756-11ec-a282-0242ac11002b</uuidstructure>
			<uuidresource>58a8c9ee-2756-11ec-a282-0242ac11002b</uuidresource>
			<datecreated>Thu, 07 Oct 2021 10:07:14 GMT</datecreated>
			<flags>0</flags>
			<properties>
				<property>
					<name>Title</name>
					<value><![CDATA[Technical details]]></value>
				</property>
			</properties>
			<relations/>
			<accesscontrol/>
		</file>
		<file>
			<source>mercury-json/.content/section-m/cs_00009.xml</source>
			<destination>mercury-json/.content/section-m/cs_00009.xml</destination>
			<type>m-section</type>
			<uuidstructure>d02378fe-0726-11ec-8ab5-0242ac11002b</uuidstructure>
			<uuidresource>d02378ff-0726-11ec-8ab5-0242ac11002b</uuidresource>
			<datecreated>Fri, 27 Aug 2021 11:06:22 GMT</datecreated>
			<flags>0</flags>
			<properties>
				<property>
					<name>Title</name>
					<value><![CDATA[Demo 3: Page Layout: Guide to evaluation]]></value>
				</property>
			</properties>
			<relations/>
			<accesscontrol/>
		</file>
		<file>
			<source>mercury-json/.content/section-m/cs_00010.xml</source>
			<destination>mercury-json/.content/section-m/cs_00010.xml</destination>
			<type>m-section</type>
			<uuidstructure>00b53464-03fc-11ec-a85e-0242ac11002b</uuidstructure>
			<uuidresource>00b53465-03fc-11ec-a85e-0242ac11002b</uuidresource>
			<datecreated>Mon, 23 Aug 2021 10:22:22 GMT</datecreated>
			<flags>0</flags>
			<properties>
				<property>
					<name>Title</name>
					<value><![CDATA[Demo 1: Content Access: Accessing the OpenCms file system]]></value>
				</property>
			</properties>
			<relations/>
			<accesscontrol/>
		</file>
		<file>
			<source>mercury-json/.content/section-m/cs_00011.xml</source>
			<destination>mercury-json/.content/section-m/cs_00011.xml</destination>
			<type>m-section</type>
			<uuidstructure>0305a21d-03fe-11ec-a85e-0242ac11002b</uuidstructure>
			<uuidresource>0305a21e-03fe-11ec-a85e-0242ac11002b</uuidresource>
			<datecreated>Mon, 23 Aug 2021 10:36:44 GMT</datecreated>
			<flags>0</flags>
			<properties>
				<property>
					<name>Title</name>
					<value><![CDATA[Demo 1: Content Access: Endpoint Folder Request]]></value>
				</property>
			</properties>
			<relations/>
			<accesscontrol/>
		</file>
		<file>
			<source>mercury-json/.content/section-m/cs_00012.xml</source>
			<destination>mercury-json/.content/section-m/cs_00012.xml</destination>
			<type>m-section</type>
			<uuidstructure>a94b1812-03fe-11ec-a85e-0242ac11002b</uuidstructure>
			<uuidresource>a94b1813-03fe-11ec-a85e-0242ac11002b</uuidresource>
			<datecreated>Mon, 23 Aug 2021 10:41:23 GMT</datecreated>
			<flags>0</flags>
			<properties>
				<property>
					<name>Title</name>
					<value><![CDATA[Demo 1: Content Access: Site Folder Request]]></value>
				</property>
			</properties>
			<relations/>
			<accesscontrol/>
		</file>
		<file>
			<source>mercury-json/.content/section-m/cs_00013.xml</source>
			<destination>mercury-json/.content/section-m/cs_00013.xml</destination>
			<type>m-section</type>
			<uuidstructure>de6351b0-03fe-11ec-a85e-0242ac11002b</uuidstructure>
			<uuidresource>de6351b1-03fe-11ec-a85e-0242ac11002b</uuidresource>
			<datecreated>Mon, 23 Aug 2021 10:42:52 GMT</datecreated>
			<flags>0</flags>
			<properties>
				<property>
					<name>Title</name>
					<value><![CDATA[Demo 1: Content Access: Content Folder Request]]></value>
				</property>
			</properties>
			<relations/>
			<accesscontrol/>
		</file>
		<file>
			<source>mercury-json/.content/section-m/cs_00014.xml</source>
			<destination>mercury-json/.content/section-m/cs_00014.xml</destination>
			<type>m-section</type>
			<uuidstructure>abab2cbc-00e7-11ec-8018-0242ac11002b</uuidstructure>
			<uuidresource>abab2cbd-00e7-11ec-8018-0242ac11002b</uuidresource>
			<datecreated>Thu, 19 Aug 2021 12:19:15 GMT</datecreated>
			<flags>0</flags>
			<properties>
				<property>
					<name>Title</name>
					<value><![CDATA[Page editor: Turbine]]></value>
				</property>
			</properties>
			<relations/>
			<accesscontrol/>
		</file>
		<file>
			<source>mercury-json/.content/section-m/cs_00015.xml</source>
			<destination>mercury-json/.content/section-m/cs_00015.xml</destination>
			<type>m-section</type>
			<uuidstructure>4aefe7ea-0641-11ec-a8d6-0242ac11002b</uuidstructure>
			<uuidresource>4aefe7eb-0641-11ec-a8d6-0242ac11002b</uuidresource>
			<datecreated>Thu, 26 Aug 2021 07:43:24 GMT</datecreated>
			<flags>0</flags>
			<properties>
				<property>
					<name>Title</name>
					<value><![CDATA[Headless API Overview: About the demo backend / template]]></value>
				</property>
			</properties>
			<relations/>
			<accesscontrol/>
		</file>
		<file>
			<source>mercury-json/.content/section-m/cs_00016.xml</source>
			<destination>mercury-json/.content/section-m/cs_00016.xml</destination>
			<type>m-section</type>
			<uuidstructure>83289ab8-064c-11ec-a8d6-0242ac11002b</uuidstructure>
			<uuidresource>83289ab9-064c-11ec-a8d6-0242ac11002b</uuidresource>
			<datecreated>Thu, 26 Aug 2021 09:03:42 GMT</datecreated>
			<flags>0</flags>
			<properties>
				<property>
					<name>Title</name>
					<value><![CDATA[Demo 2: Dynamic Lists: Accessing list contents]]></value>
				</property>
			</properties>
			<relations/>
			<accesscontrol/>
		</file>
		<file>
			<source>mercury-json/.content/section-m/cs_00017.xml</source>
			<destination>mercury-json/.content/section-m/cs_00017.xml</destination>
			<type>m-section</type>
			<uuidstructure>6034e86c-041f-11ec-a85e-0242ac11002b</uuidstructure>
			<uuidresource>6034e86d-041f-11ec-a85e-0242ac11002b</uuidresource>
			<datecreated>Mon, 23 Aug 2021 14:35:34 GMT</datecreated>
			<flags>0</flags>
			<properties>
				<property>
					<name>Title</name>
					<value><![CDATA[Headless API Overview: The OpenCms headless JSON API]]></value>
				</property>
			</properties>
			<relations/>
			<accesscontrol/>
		</file>
		<file>
			<source>mercury-json/.content/section-m/cs_00018.xml</source>
			<destination>mercury-json/.content/section-m/cs_00018.xml</destination>
			<type>m-section</type>
			<uuidstructure>9bbcd2a9-071a-11ec-8ab5-0242ac11002b</uuidstructure>
			<uuidresource>9bbcd2aa-071a-11ec-8ab5-0242ac11002b</uuidresource>
			<datecreated>Fri, 27 Aug 2021 09:39:00 GMT</datecreated>
			<flags>0</flags>
			<properties>
				<property>
					<name>Title</name>
					<value><![CDATA[Demo 2: Dynamic Lists: Guide to evaluation]]></value>
				</property>
			</properties>
			<relations/>
			<accesscontrol/>
		</file>
		<file>
			<source>mercury-json/.content/section-m/cs_00019.xml</source>
			<destination>mercury-json/.content/section-m/cs_00019.xml</destination>
			<type>m-section</type>
			<uuidstructure>6c4c928d-275a-11ec-a282-0242ac11002b</uuidstructure>
			<uuidresource>6c4c928e-275a-11ec-a282-0242ac11002b</uuidresource>
			<datecreated>Thu, 07 Oct 2021 10:36:25 GMT</datecreated>
			<flags>0</flags>
			<properties>
				<property>
					<name>Title</name>
					<value><![CDATA[Headless API Overview: Enabling the JSON API]]></value>
				</property>
			</properties>
			<relations/>
			<accesscontrol/>
		</file>
		<file>
			<source>mercury-json/.content/section-m/cs_00020.xml</source>
			<destination>mercury-json/.content/section-m/cs_00020.xml</destination>
			<type>m-section</type>
			<uuidstructure>27fd719f-1f92-11ec-a7b2-0242ac11002b</uuidstructure>
			<uuidresource>27fd71a0-1f92-11ec-a7b2-0242ac11002b</uuidresource>
			<datecreated>Mon, 27 Sep 2021 12:55:13 GMT</datecreated>
			<flags>0</flags>
			<properties>
				<property>
					<name>Title</name>
					<value><![CDATA[Demo 1: Content Access: View]]></value>
				</property>
			</properties>
			<relations/>
			<accesscontrol/>
		</file>
		<file>
			<source>mercury-json/.content/section-m/cs_00021.xml</source>
			<destination>mercury-json/.content/section-m/cs_00021.xml</destination>
			<type>m-section</type>
			<uuidstructure>76f87cab-04c4-11ec-a85e-0242ac11002b</uuidstructure>
			<uuidresource>76f87cac-04c4-11ec-a85e-0242ac11002b</uuidresource>
			<datecreated>Tue, 24 Aug 2021 10:17:19 GMT</datecreated>
			<flags>0</flags>
			<properties>
				<property>
					<name>Title</name>
					<value><![CDATA[Demo 2: Dynamic Lists: List Request]]></value>
				</property>
			</properties>
			<relations/>
			<accesscontrol/>
		</file>
		<file>
			<source>mercury-json/.content/section-m/cs_00022.xml</source>
			<destination>mercury-json/.content/section-m/cs_00022.xml</destination>
			<type>m-section</type>
			<uuidstructure>644687cc-1f93-11ec-a7b2-0242ac11002b</uuidstructure>
			<uuidresource>644687cd-1f93-11ec-a7b2-0242ac11002b</uuidresource>
			<datecreated>Mon, 27 Sep 2021 13:04:04 GMT</datecreated>
			<flags>0</flags>
			<properties>
				<property>
					<name>Title</name>
					<value><![CDATA[Demo 1: Content Access: Demo 1: Content Access]]></value>
				</property>
			</properties>
			<relations/>
			<accesscontrol/>
		</file>
		<file>
			<source>mercury-json/.content/section-m/cs_00023.xml</source>
			<destination>mercury-json/.content/section-m/cs_00023.xml</destination>
			<type>m-section</type>
			<uuidstructure>8d4e1ac0-064c-11ec-a8d6-0242ac11002b</uuidstructure>
			<uuidresource>8d4e1ac1-064c-11ec-a8d6-0242ac11002b</uuidresource>
			<datecreated>Thu, 26 Aug 2021 09:03:59 GMT</datecreated>
			<flags>0</flags>
			<properties>
				<property>
					<name>Title</name>
					<value><![CDATA[Demo 3: Page Layout: Accessing element container pages and element settings]]></value>
				</property>
			</properties>
			<relations/>
			<accesscontrol/>
		</file>
		<file>
			<source>mercury-json/.content/section-m/cs_00024.xml</source>
			<destination>mercury-json/.content/section-m/cs_00024.xml</destination>
			<type>m-section</type>
			<uuidstructure>6cf55500-1f98-11ec-a7b2-0242ac11002b</uuidstructure>
			<uuidresource>6cf55501-1f98-11ec-a7b2-0242ac11002b</uuidresource>
			<datecreated>Mon, 27 Sep 2021 13:40:06 GMT</datecreated>
			<flags>0</flags>
			<properties>
				<property>
					<name>Title</name>
					<value><![CDATA[Demo 2: Dynamic Lists: Demo 2: Dynamic Lists]]></value>
				</property>
			</properties>
			<relations/>
			<accesscontrol/>
		</file>
		<file>
			<source>mercury-json/.content/section-m/cs_00025.xml</source>
			<destination>mercury-json/.content/section-m/cs_00025.xml</destination>
			<type>m-section</type>
			<uuidstructure>c07bedae-1f98-11ec-a7b2-0242ac11002b</uuidstructure>
			<uuidresource>c07bedaf-1f98-11ec-a7b2-0242ac11002b</uuidresource>
			<datecreated>Mon, 27 Sep 2021 13:42:26 GMT</datecreated>
			<flags>0</flags>
			<properties>
				<property>
					<name>Title</name>
					<value><![CDATA[Demo 2: Dynamic Lists: View]]></value>
				</property>
			</properties>
			<relations/>
			<accesscontrol/>
		</file>
		<file>
			<source>mercury-json/.content/section-m/cs_00026.xml</source>
			<destination>mercury-json/.content/section-m/cs_00026.xml</destination>
			<type>m-section</type>
			<uuidstructure>f49ecaf2-1f98-11ec-a7b2-0242ac11002b</uuidstructure>
			<uuidresource>f49ecaf3-1f98-11ec-a7b2-0242ac11002b</uuidresource>
			<datecreated>Mon, 27 Sep 2021 13:43:54 GMT</datecreated>
			<flags>0</flags>
			<properties>
				<property>
					<name>Title</name>
					<value><![CDATA[Demo 2: Dynamic Lists: Edit the demo 2 content]]></value>
				</property>
			</properties>
			<relations/>
			<accesscontrol/>
		</file>
		<file>
			<source>mercury-json/.content/section-m/cs_00027.xml</source>
			<destination>mercury-json/.content/section-m/cs_00027.xml</destination>
			<type>m-section</type>
			<uuidstructure>39967c94-1f9e-11ec-a7b2-0242ac11002b</uuidstructure>
			<uuidresource>39967c95-1f9e-11ec-a7b2-0242ac11002b</uuidresource>
			<datecreated>Mon, 27 Sep 2021 14:21:37 GMT</datecreated>
			<flags>0</flags>
			<properties>
				<property>
					<name>Title</name>
					<value><![CDATA[Demo 3: Page Layout: View]]></value>
				</property>
			</properties>
			<relations/>
			<accesscontrol/>
		</file>
		<file>
			<source>mercury-json/.content/section-m/cs_00028.xml</source>
			<destination>mercury-json/.content/section-m/cs_00028.xml</destination>
			<type>m-section</type>
			<uuidstructure>852e11ef-0426-11ec-a85e-0242ac11002b</uuidstructure>
			<uuidresource>852e11f0-0426-11ec-a85e-0242ac11002b</uuidresource>
			<datecreated>Mon, 23 Aug 2021 15:26:43 GMT</datecreated>
			<flags>0</flags>
			<properties>
				<property>
					<name>Title</name>
					<value><![CDATA[Headless API Overview: Demo 2: Dynamic Lists]]></value>
				</property>
			</properties>
			<relations/>
			<accesscontrol/>
		</file>
		<file>
			<source>mercury-json/.content/section-m/cs_00029.xml</source>
			<destination>mercury-json/.content/section-m/cs_00029.xml</destination>
			<type>m-section</type>
			<uuidstructure>d3c1f845-0f1f-11ec-b0c0-0242ac11002b</uuidstructure>
			<uuidresource>d3c1f846-0f1f-11ec-b0c0-0242ac11002b</uuidresource>
			<datecreated>Mon, 06 Sep 2021 14:36:31 GMT</datecreated>
			<flags>0</flags>
			<properties>
				<property>
					<name>Title</name>
					<value><![CDATA[Demo 1: Content Access: Guide to evaluation]]></value>
				</property>
			</properties>
			<relations/>
			<accesscontrol/>
		</file>
		<file>
			<source>mercury-json/.content/section-m/cs_00030.xml</source>
			<destination>mercury-json/.content/section-m/cs_00030.xml</destination>
			<type>m-section</type>
			<uuidstructure>d60fd4af-0427-11ec-a85e-0242ac11002b</uuidstructure>
			<uuidresource>d60fd4b0-0427-11ec-a85e-0242ac11002b</uuidresource>
			<datecreated>Mon, 23 Aug 2021 15:36:08 GMT</datecreated>
			<flags>0</flags>
			<properties>
				<property>
					<name>Title</name>
					<value><![CDATA[Headless API Overview: About the demo apps]]></value>
				</property>
			</properties>
			<relations/>
			<accesscontrol/>
		</file>
		<file>
			<source>mercury-json/.content/section-m/cs_00031.xml</source>
			<destination>mercury-json/.content/section-m/cs_00031.xml</destination>
			<type>m-section</type>
			<uuidstructure>291fc3b3-04b2-11ec-a85e-0242ac11002b</uuidstructure>
			<uuidresource>291fc3b4-04b2-11ec-a85e-0242ac11002b</uuidresource>
			<datecreated>Tue, 24 Aug 2021 08:06:18 GMT</datecreated>
			<flags>0</flags>
			<properties>
				<property>
					<name>Title</name>
					<value><![CDATA[Demo 3: Page Layout: Page Request]]></value>
				</property>
			</properties>
			<relations/>
			<accesscontrol/>
		</file>
		<file>
			<source>mercury-json/.content/section-m/cs_00032.xml</source>
			<destination>mercury-json/.content/section-m/cs_00032.xml</destination>
			<type>m-section</type>
			<uuidstructure>ed5ced1e-04b3-11ec-a85e-0242ac11002b</uuidstructure>
			<uuidresource>ed5ced1f-04b3-11ec-a85e-0242ac11002b</uuidresource>
			<datecreated>Tue, 24 Aug 2021 08:18:56 GMT</datecreated>
			<flags>0</flags>
			<properties>
				<property>
					<name>Title</name>
					<value><![CDATA[Page editor: Demo 3: Page layout]]></value>
				</property>
			</properties>
			<relations/>
			<accesscontrol/>
		</file>
		<file>
			<source>mercury-json/.content/section-m/cs_00033.xml</source>
			<destination>mercury-json/.content/section-m/cs_00033.xml</destination>
			<type>m-section</type>
			<uuidstructure>b31ae243-1f9e-11ec-a7b2-0242ac11002b</uuidstructure>
			<uuidresource>b31ae244-1f9e-11ec-a7b2-0242ac11002b</uuidresource>
			<datecreated>Mon, 27 Sep 2021 14:25:01 GMT</datecreated>
			<flags>0</flags>
			<properties>
				<property>
					<name>Title</name>
					<value><![CDATA[Demo 3: Page Layout: Demo 3: Page Layout]]></value>
				</property>
			</properties>
			<relations/>
			<accesscontrol/>
		</file>
		<file>
			<source>mercury-json/.content/section-m/cs_00034.xml</source>
			<destination>mercury-json/.content/section-m/cs_00034.xml</destination>
			<type>m-section</type>
			<uuidstructure>b09752b4-2765-11ec-a282-0242ac11002b</uuidstructure>
			<uuidresource>b09752b5-2765-11ec-a282-0242ac11002b</uuidresource>
			<datecreated>Thu, 07 Oct 2021 11:57:04 GMT</datecreated>
			<flags>0</flags>
			<properties>
				<property>
					<name>Title</name>
					<value><![CDATA[Demo 3: Page Layout: Demo 3 notes]]></value>
				</property>
			</properties>
			<relations/>
			<accesscontrol/>
		</file>
		<file>
			<source>mercury-json/.content/section-m/cs_00035.xml</source>
			<destination>mercury-json/.content/section-m/cs_00035.xml</destination>
			<type>m-section</type>
			<uuidstructure>5554a6f9-2a89-11ec-9ad2-0242ac11002b</uuidstructure>
			<uuidresource>5554a6fa-2a89-11ec-9ad2-0242ac11002b</uuidresource>
			<datecreated>Mon, 11 Oct 2021 11:49:47 GMT</datecreated>
			<flags>0</flags>
			<properties>
				<property>
					<name>Title</name>
					<value><![CDATA[Activate the JSON API]]></value>
				</property>
			</properties>
			<relations/>
			<accesscontrol/>
		</file>
		<file>
			<destination>mercury-json/.gallery</destination>
			<type>imagegallery</type>
			<uuidstructure>66c825a1-04b4-11ec-a85e-0242ac11002b</uuidstructure>
			<datecreated>Tue, 24 Aug 2021 08:22:20 GMT</datecreated>
			<flags>0</flags>
			<properties>
				<property>
					<name>Title</name>
					<value><![CDATA[JSON Demo: Images]]></value>
				</property>
			</properties>
			<relations/>
			<accesscontrol/>
		</file>
		<file>
			<source>mercury-json/.gallery/content-folder.png</source>
			<destination>mercury-json/.gallery/content-folder.png</destination>
			<type>image</type>
			<uuidstructure>54b1473f-04c7-11ec-a85e-0242ac11002b</uuidstructure>
			<uuidresource>54b14740-04c7-11ec-a85e-0242ac11002b</uuidresource>
			<datecreated>Tue, 24 Aug 2021 10:37:50 GMT</datecreated>
			<flags>0</flags>
			<properties>
				<property>
					<name>Title</name>
					<value><![CDATA[Content Folder]]></value>
				</property>
				<property type="shared">
					<name>image.size</name>
					<value><![CDATA[w:398,h:472]]></value>
				</property>
			</properties>
			<relations/>
			<accesscontrol/>
		</file>
		<file>
			<source>mercury-json/.gallery/element-settings.png</source>
			<destination>mercury-json/.gallery/element-settings.png</destination>
			<type>image</type>
			<uuidstructure>6103b13e-04bb-11ec-a85e-0242ac11002b</uuidstructure>
			<uuidresource>6103b13f-04bb-11ec-a85e-0242ac11002b</uuidresource>
			<datecreated>Tue, 24 Aug 2021 09:12:17 GMT</datecreated>
			<flags>0</flags>
			<properties>
				<property>
					<name>Title</name>
					<value><![CDATA[Element Settings]]></value>
				</property>
				<property type="shared">
					<name>image.size</name>
					<value><![CDATA[w:715,h:446]]></value>
				</property>
			</properties>
			<relations/>
			<accesscontrol/>
		</file>
		<file>
			<source>mercury-json/.gallery/list-configuration.png</source>
			<destination>mercury-json/.gallery/list-configuration.png</destination>
			<type>image</type>
			<uuidstructure>7518f877-04c2-11ec-a85e-0242ac11002b</uuidstructure>
			<uuidresource>7518f878-04c2-11ec-a85e-0242ac11002b</uuidresource>
			<datecreated>Tue, 24 Aug 2021 10:02:57 GMT</datecreated>
			<flags>0</flags>
			<properties>
				<property>
					<name>Title</name>
					<value><![CDATA[List Configuration]]></value>
				</property>
				<property type="shared">
					<name>image.size</name>
					<value><![CDATA[w:937,h:673]]></value>
				</property>
			</properties>
			<relations/>
			<accesscontrol/>
		</file>
		<file>
			<source>mercury-json/.gallery/mercury-demo-folder.png</source>
			<destination>mercury-json/.gallery/mercury-demo-folder.png</destination>
			<type>image</type>
			<uuidstructure>d58b6236-04c6-11ec-a85e-0242ac11002b</uuidstructure>
			<uuidresource>d58b6237-04c6-11ec-a85e-0242ac11002b</uuidresource>
			<datecreated>Tue, 24 Aug 2021 10:34:17 GMT</datecreated>
			<flags>0</flags>
			<properties>
				<property>
					<name>Title</name>
					<value><![CDATA[Mercury Demo Folder]]></value>
				</property>
				<property type="shared">
					<name>image.size</name>
					<value><![CDATA[w:396,h:542]]></value>
				</property>
			</properties>
			<relations/>
			<accesscontrol/>
		</file>
		<file>
			<source>mercury-json/.gallery/root-folder.png</source>
			<destination>mercury-json/.gallery/root-folder.png</destination>
			<type>image</type>
			<uuidstructure>fe61e6bf-04c5-11ec-a85e-0242ac11002b</uuidstructure>
			<uuidresource>fe61e6c0-04c5-11ec-a85e-0242ac11002b</uuidresource>
			<datecreated>Tue, 24 Aug 2021 10:28:16 GMT</datecreated>
			<flags>0</flags>
			<properties>
				<property>
					<name>Title</name>
					<value><![CDATA[Root Folder]]></value>
				</property>
				<property type="shared">
					<name>image.size</name>
					<value><![CDATA[w:405,h:187]]></value>
				</property>
			</properties>
			<relations/>
			<accesscontrol/>
		</file>
		<file>
			<destination>mercury-json/demo-1</destination>
			<type>folder</type>
			<uuidstructure>82440275-00f7-11ec-8018-0242ac11002b</uuidstructure>
			<datecreated>Thu, 19 Aug 2021 14:12:38 GMT</datecreated>
			<flags>0</flags>
			<properties>
				<property>
					<name>NavPos</name>
					<value><![CDATA[0.25]]></value>
				</property>
				<property>
					<name>NavText</name>
					<value><![CDATA[Demo 1: Content Access]]></value>
				</property>
				<property>
					<name>Title</name>
					<value><![CDATA[Demo 1: Content Access]]></value>
				</property>
			</properties>
			<relations/>
			<accesscontrol/>
		</file>
		<file>
			<source>mercury-json/demo-1/demo-1-app</source>
			<destination>mercury-json/demo-1/demo-1-app</destination>
			<type>htmlredirect</type>
			<uuidstructure>e9743f04-274c-11ec-a282-0242ac11002b</uuidstructure>
			<uuidresource>e9743f05-274c-11ec-a282-0242ac11002b</uuidresource>
			<datecreated>Thu, 07 Oct 2021 08:59:42 GMT</datecreated>
			<flags>0</flags>
			<properties>
				<property>
					<name>NavInfo</name>
					<value><![CDATA[extern]]></value>
				</property>
				<property>
					<name>NavPos</name>
					<value><![CDATA[1.0]]></value>
				</property>
				<property>
					<name>NavText</name>
					<value><![CDATA[Demo 1 app]]></value>
				</property>
				<property>
					<name>Title</name>
					<value><![CDATA[Link to: /mercury-json/demo-1/sample-app/]]></value>
				</property>
				<property>
					<name>locale-available</name>
					<value><![CDATA[en]]></value>
				</property>
				<property>
					<name>search.exclude</name>
					<value><![CDATA[all]]></value>
				</property>
			</properties>
			<relations/>
			<accesscontrol/>
		</file>
		<file>
			<source>mercury-json/demo-1/index.html</source>
			<destination>mercury-json/demo-1/index.html</destination>
			<type>containerpage</type>
			<uuidstructure>824dc67a-00f7-11ec-8018-0242ac11002b</uuidstructure>
			<uuidresource>824dc67b-00f7-11ec-8018-0242ac11002b</uuidresource>
			<datecreated>Thu, 19 Aug 2021 14:12:38 GMT</datecreated>
			<flags>0</flags>
			<properties>
				<property>
					<name>Title</name>
					<value><![CDATA[Demo 1: Content Access]]></value>
				</property>
			</properties>
			<relations/>
			<accesscontrol/>
		</file>
		<file>
			<destination>mercury-json/demo-1/sample-app</destination>
			<type>folder</type>
			<uuidstructure>14df8005-04eb-11ec-a6af-0242ac11002b</uuidstructure>
			<datecreated>Tue, 24 Aug 2021 14:53:45 GMT</datecreated>
			<flags>0</flags>
			<properties/>
			<relations/>
			<accesscontrol/>
		</file>
		<file>
			<source>mercury-json/demo-1/sample-app/asset-manifest.json</source>
			<destination>mercury-json/demo-1/sample-app/asset-manifest.json</destination>
			<type>plain</type>
			<uuidstructure>8449dc24-2a86-11ec-91ac-0242ac11002b</uuidstructure>
			<uuidresource>8449dc25-2a86-11ec-91ac-0242ac11002b</uuidresource>
			<datecreated>Mon, 11 Oct 2021 11:29:37 GMT</datecreated>
			<flags>0</flags>
			<properties/>
			<relations/>
			<accesscontrol/>
		</file>
		<file>
			<source>mercury-json/demo-1/sample-app/favicon.ico</source>
			<destination>mercury-json/demo-1/sample-app/favicon.ico</destination>
			<type>plain</type>
			<uuidstructure>844c2617-2a86-11ec-91ac-0242ac11002b</uuidstructure>
			<uuidresource>844c2618-2a86-11ec-91ac-0242ac11002b</uuidresource>
			<datecreated>Mon, 11 Oct 2021 11:29:37 GMT</datecreated>
			<flags>0</flags>
			<properties/>
			<relations/>
			<accesscontrol/>
		</file>
		<file>
			<source>mercury-json/demo-1/sample-app/index.html</source>
			<destination>mercury-json/demo-1/sample-app/index.html</destination>
			<type>jsp</type>
			<uuidstructure>844e700a-2a86-11ec-91ac-0242ac11002b</uuidstructure>
			<uuidresource>844e700b-2a86-11ec-91ac-0242ac11002b</uuidresource>
			<datecreated>Mon, 11 Oct 2021 11:29:37 GMT</datecreated>
			<flags>0</flags>
			<properties/>
			<relations/>
			<accesscontrol/>
		</file>
		<file>
			<source>mercury-json/demo-1/sample-app/manifest.json</source>
			<destination>mercury-json/demo-1/sample-app/manifest.json</destination>
			<type>plain</type>
			<uuidstructure>8450b9fd-2a86-11ec-91ac-0242ac11002b</uuidstructure>
			<uuidresource>8450b9fe-2a86-11ec-91ac-0242ac11002b</uuidresource>
			<datecreated>Mon, 11 Oct 2021 11:29:37 GMT</datecreated>
			<flags>0</flags>
			<properties/>
			<relations/>
			<accesscontrol/>
		</file>
		<file>
			<destination>mercury-json/demo-1/sample-app/static</destination>
			<type>folder</type>
			<uuidstructure>9ed0837b-04f0-11ec-9857-0242ac11002b</uuidstructure>
			<datecreated>Tue, 24 Aug 2021 15:33:24 GMT</datecreated>
			<flags>0</flags>
			<properties/>
			<relations/>
			<accesscontrol/>
		</file>
		<file>
			<destination>mercury-json/demo-1/sample-app/static/css</destination>
			<type>folder</type>
			<uuidstructure>9ed20a1d-04f0-11ec-9857-0242ac11002b</uuidstructure>
			<datecreated>Tue, 24 Aug 2021 15:33:24 GMT</datecreated>
			<flags>0</flags>
			<properties/>
			<relations/>
			<accesscontrol/>
		</file>
		<file>
			<source>mercury-json/demo-1/sample-app/static/css/main.chunk.css</source>
			<destination>mercury-json/demo-1/sample-app/static/css/main.chunk.css</destination>
			<type>plain</type>
			<uuidstructure>f0cd4370-366a-11ec-bad8-0242ac11002b</uuidstructure>
			<uuidresource>f0cd4371-366a-11ec-bad8-0242ac11002b</uuidresource>
			<datecreated>Tue, 26 Oct 2021 14:42:27 GMT</datecreated>
			<flags>0</flags>
			<properties/>
			<relations/>
			<accesscontrol/>
		</file>
		<file>
			<source>mercury-json/demo-1/sample-app/static/css/main.chunk.css.map</source>
			<destination>mercury-json/demo-1/sample-app/static/css/main.chunk.css.map</destination>
			<type>plain</type>
			<uuidstructure>f0cef123-366a-11ec-bad8-0242ac11002b</uuidstructure>
			<uuidresource>f0cef124-366a-11ec-bad8-0242ac11002b</uuidresource>
			<datecreated>Tue, 26 Oct 2021 14:42:27 GMT</datecreated>
			<flags>0</flags>
			<properties/>
			<relations/>
			<accesscontrol/>
		</file>
		<file>
			<destination>mercury-json/demo-1/sample-app/static/js</destination>
			<type>folder</type>
			<uuidstructure>9ed6c511-04f0-11ec-9857-0242ac11002b</uuidstructure>
			<datecreated>Tue, 24 Aug 2021 15:33:24 GMT</datecreated>
			<flags>0</flags>
			<properties/>
			<relations/>
			<accesscontrol/>
		</file>
		<file>
			<source>mercury-json/demo-1/sample-app/static/js/chunk.js</source>
			<destination>mercury-json/demo-1/sample-app/static/js/chunk.js</destination>
			<type>plain</type>
			<uuidstructure>f0d077c6-366a-11ec-bad8-0242ac11002b</uuidstructure>
			<uuidresource>f0d077c7-366a-11ec-bad8-0242ac11002b</uuidresource>
			<datecreated>Tue, 26 Oct 2021 14:42:27 GMT</datecreated>
			<flags>0</flags>
			<properties/>
			<relations/>
			<accesscontrol/>
		</file>
		<file>
			<source>mercury-json/demo-1/sample-app/static/js/chunk.js.LICENSE.txt</source>
			<destination>mercury-json/demo-1/sample-app/static/js/chunk.js.LICENSE.txt</destination>
			<type>plain</type>
			<uuidstructure>f0d336e9-366a-11ec-bad8-0242ac11002b</uuidstructure>
			<uuidresource>f0d336ea-366a-11ec-bad8-0242ac11002b</uuidresource>
			<datecreated>Tue, 26 Oct 2021 14:42:27 GMT</datecreated>
			<flags>0</flags>
			<properties/>
			<relations/>
			<accesscontrol/>
		</file>
		<file>
			<source>mercury-json/demo-1/sample-app/static/js/chunk.js.map</source>
			<destination>mercury-json/demo-1/sample-app/static/js/chunk.js.map</destination>
			<type>plain</type>
			<uuidstructure>f0d4967c-366a-11ec-bad8-0242ac11002b</uuidstructure>
			<uuidresource>f0d4967d-366a-11ec-bad8-0242ac11002b</uuidresource>
			<datecreated>Tue, 26 Oct 2021 14:42:27 GMT</datecreated>
			<flags>0</flags>
			<properties/>
			<relations/>
			<accesscontrol/>
		</file>
		<file>
			<source>mercury-json/demo-1/sample-app/static/js/main.chunk.js</source>
			<destination>mercury-json/demo-1/sample-app/static/js/main.chunk.js</destination>
			<type>plain</type>
			<uuidstructure>f0d72e8f-366a-11ec-bad8-0242ac11002b</uuidstructure>
			<uuidresource>f0d72e90-366a-11ec-bad8-0242ac11002b</uuidresource>
			<datecreated>Tue, 26 Oct 2021 14:42:27 GMT</datecreated>
			<flags>0</flags>
			<properties/>
			<relations/>
			<accesscontrol/>
		</file>
		<file>
			<source>mercury-json/demo-1/sample-app/static/js/main.chunk.js.map</source>
			<destination>mercury-json/demo-1/sample-app/static/js/main.chunk.js.map</destination>
			<type>plain</type>
			<uuidstructure>f0d86712-366a-11ec-bad8-0242ac11002b</uuidstructure>
			<uuidresource>f0d86713-366a-11ec-bad8-0242ac11002b</uuidresource>
			<datecreated>Tue, 26 Oct 2021 14:42:27 GMT</datecreated>
			<flags>0</flags>
			<properties/>
			<relations/>
			<accesscontrol/>
		</file>
		<file>
			<source>mercury-json/demo-1/sample-app/static/js/runtime-main.js</source>
			<destination>mercury-json/demo-1/sample-app/static/js/runtime-main.js</destination>
			<type>plain</type>
			<uuidstructure>f0d99f95-366a-11ec-bad8-0242ac11002b</uuidstructure>
			<uuidresource>f0d99f96-366a-11ec-bad8-0242ac11002b</uuidresource>
			<datecreated>Tue, 26 Oct 2021 14:42:27 GMT</datecreated>
			<flags>0</flags>
			<properties/>
			<relations/>
			<accesscontrol/>
		</file>
		<file>
			<source>mercury-json/demo-1/sample-app/static/js/runtime-main.js.map</source>
			<destination>mercury-json/demo-1/sample-app/static/js/runtime-main.js.map</destination>
			<type>plain</type>
			<uuidstructure>f024322d-366a-11ec-bad8-0242ac11002b</uuidstructure>
			<uuidresource>f024322e-366a-11ec-bad8-0242ac11002b</uuidresource>
			<datecreated>Tue, 26 Oct 2021 14:42:26 GMT</datecreated>
			<flags>0</flags>
			<properties/>
			<relations/>
			<accesscontrol/>
		</file>
		<file>
			<destination>mercury-json/demo-2</destination>
			<type>folder</type>
			<uuidstructure>791dc901-00f7-11ec-8018-0242ac11002b</uuidstructure>
			<datecreated>Thu, 19 Aug 2021 14:12:23 GMT</datecreated>
			<flags>0</flags>
			<properties>
				<property>
					<name>NavPos</name>
					<value><![CDATA[0.5]]></value>
				</property>
				<property>
					<name>NavText</name>
					<value><![CDATA[Demo 2: Dynamic Lists]]></value>
				</property>
				<property>
					<name>Title</name>
					<value><![CDATA[Demo 2: Dynamic Lists]]></value>
				</property>
			</properties>
			<relations/>
			<accesscontrol/>
		</file>
		<file>
			<source>mercury-json/demo-2/demo-2-app</source>
			<destination>mercury-json/demo-2/demo-2-app</destination>
			<type>htmlredirect</type>
			<uuidstructure>d05f7ff5-274c-11ec-a282-0242ac11002b</uuidstructure>
			<uuidresource>d05f7ff6-274c-11ec-a282-0242ac11002b</uuidresource>
			<datecreated>Thu, 07 Oct 2021 08:59:00 GMT</datecreated>
			<flags>0</flags>
			<properties>
				<property>
					<name>NavInfo</name>
					<value><![CDATA[extern]]></value>
				</property>
				<property>
					<name>NavPos</name>
					<value><![CDATA[0.5]]></value>
				</property>
				<property>
					<name>NavText</name>
					<value><![CDATA[Demo 2 app]]></value>
				</property>
				<property>
					<name>Title</name>
					<value><![CDATA[Link to: /mercury-json/demo-2/sample-app/]]></value>
				</property>
				<property>
					<name>locale-available</name>
					<value><![CDATA[en]]></value>
				</property>
				<property>
					<name>search.exclude</name>
					<value><![CDATA[all]]></value>
				</property>
			</properties>
			<relations/>
			<accesscontrol/>
		</file>
		<file>
			<source>mercury-json/demo-2/index.html</source>
			<destination>mercury-json/demo-2/index.html</destination>
			<type>containerpage</type>
			<uuidstructure>7926c9b6-00f7-11ec-8018-0242ac11002b</uuidstructure>
			<uuidresource>7926c9b7-00f7-11ec-8018-0242ac11002b</uuidresource>
			<datecreated>Thu, 19 Aug 2021 14:12:23 GMT</datecreated>
			<flags>0</flags>
			<properties>
				<property>
					<name>Title</name>
					<value><![CDATA[Demo 2: Dynamic Lists]]></value>
				</property>
			</properties>
			<relations/>
			<accesscontrol/>
		</file>
		<file>
			<destination>mercury-json/demo-2/list-editor</destination>
			<type>folder</type>
			<uuidstructure>43d3b268-04bd-11ec-a85e-0242ac11002b</uuidstructure>
			<datecreated>Tue, 24 Aug 2021 09:25:47 GMT</datecreated>
			<flags>0</flags>
			<properties>
				<property>
					<name>NavPos</name>
					<value><![CDATA[1.0]]></value>
				</property>
				<property>
					<name>NavText</name>
					<value><![CDATA[List editor]]></value>
				</property>
				<property>
					<name>Title</name>
					<value><![CDATA[List editor]]></value>
				</property>
				<property type="shared">
					<name>Title</name>
					<value><![CDATA[page]]></value>
				</property>
			</properties>
			<relations/>
			<accesscontrol/>
		</file>
		<file>
			<source>mercury-json/demo-2/list-editor/index.html</source>
			<destination>mercury-json/demo-2/list-editor/index.html</destination>
			<type>containerpage</type>
			<uuidstructure>43dd766e-04bd-11ec-a85e-0242ac11002b</uuidstructure>
			<uuidresource>43dd766f-04bd-11ec-a85e-0242ac11002b</uuidresource>
			<datecreated>Tue, 24 Aug 2021 09:25:47 GMT</datecreated>
			<flags>0</flags>
			<properties>
				<property>
					<name>Title</name>
					<value><![CDATA[List editor]]></value>
				</property>
			</properties>
			<relations/>
			<accesscontrol/>
		</file>
		<file>
			<destination>mercury-json/demo-2/sample-app</destination>
			<type>folder</type>
			<uuidstructure>409d7099-04ee-11ec-9857-0242ac11002b</uuidstructure>
			<datecreated>Tue, 24 Aug 2021 15:16:27 GMT</datecreated>
			<flags>0</flags>
			<properties/>
			<relations/>
			<accesscontrol/>
		</file>
		<file>
			<source>mercury-json/demo-2/sample-app/asset-manifest.json</source>
			<destination>mercury-json/demo-2/sample-app/asset-manifest.json</destination>
			<type>plain</type>
			<uuidstructure>8642c629-2a86-11ec-91ac-0242ac11002b</uuidstructure>
			<uuidresource>8642c62a-2a86-11ec-91ac-0242ac11002b</uuidresource>
			<datecreated>Mon, 11 Oct 2021 11:29:40 GMT</datecreated>
			<flags>0</flags>
			<properties/>
			<relations/>
			<accesscontrol/>
		</file>
		<file>
			<source>mercury-json/demo-2/sample-app/favicon.ico</source>
			<destination>mercury-json/demo-2/sample-app/favicon.ico</destination>
			<type>plain</type>
			<uuidstructure>8645101c-2a86-11ec-91ac-0242ac11002b</uuidstructure>
			<uuidresource>8645101d-2a86-11ec-91ac-0242ac11002b</uuidresource>
			<datecreated>Mon, 11 Oct 2021 11:29:40 GMT</datecreated>
			<flags>0</flags>
			<properties/>
			<relations/>
			<accesscontrol/>
		</file>
		<file>
			<source>mercury-json/demo-2/sample-app/index.html</source>
			<destination>mercury-json/demo-2/sample-app/index.html</destination>
			<type>jsp</type>
			<uuidstructure>86470bef-2a86-11ec-91ac-0242ac11002b</uuidstructure>
			<uuidresource>86470bf0-2a86-11ec-91ac-0242ac11002b</uuidresource>
			<datecreated>Mon, 11 Oct 2021 11:29:40 GMT</datecreated>
			<flags>0</flags>
			<properties/>
			<relations/>
			<accesscontrol/>
		</file>
		<file>
			<source>mercury-json/demo-2/sample-app/manifest.json</source>
			<destination>mercury-json/demo-2/sample-app/manifest.json</destination>
			<type>plain</type>
			<uuidstructure>8648e0b2-2a86-11ec-91ac-0242ac11002b</uuidstructure>
			<uuidresource>8648e0b3-2a86-11ec-91ac-0242ac11002b</uuidresource>
			<datecreated>Mon, 11 Oct 2021 11:29:40 GMT</datecreated>
			<flags>0</flags>
			<properties/>
			<relations/>
			<accesscontrol/>
		</file>
		<file>
			<destination>mercury-json/demo-2/sample-app/static</destination>
			<type>folder</type>
			<uuidstructure>182a57b7-15fd-11ec-9f9f-0242ac11002b</uuidstructure>
			<datecreated>Wed, 15 Sep 2021 08:15:31 GMT</datecreated>
			<flags>0</flags>
			<properties/>
			<relations/>
			<accesscontrol/>
		</file>
		<file>
			<destination>mercury-json/demo-2/sample-app/static/css</destination>
			<type>folder</type>
			<uuidstructure>25831740-15fd-11ec-9f9f-0242ac11002b</uuidstructure>
			<datecreated>Wed, 15 Sep 2021 08:15:54 GMT</datecreated>
			<flags>0</flags>
			<properties/>
			<relations/>
			<accesscontrol/>
		</file>
		<file>
			<source>mercury-json/demo-2/sample-app/static/css/main.chunk.css</source>
			<destination>mercury-json/demo-2/sample-app/static/css/main.chunk.css</destination>
			<type>plain</type>
			<uuidstructure>b7b46e9c-36f7-11ec-bad8-0242ac11002b</uuidstructure>
			<uuidresource>b7b46e9d-36f7-11ec-bad8-0242ac11002b</uuidresource>
			<datecreated>Wed, 27 Oct 2021 07:30:10 GMT</datecreated>
			<flags>0</flags>
			<properties/>
			<relations/>
			<accesscontrol/>
		</file>
		<file>
			<source>mercury-json/demo-2/sample-app/static/css/main.chunk.css.map</source>
			<destination>mercury-json/demo-2/sample-app/static/css/main.chunk.css.map</destination>
			<type>plain</type>
			<uuidstructure>b7b5f53f-36f7-11ec-bad8-0242ac11002b</uuidstructure>
			<uuidresource>b7b5f540-36f7-11ec-bad8-0242ac11002b</uuidresource>
			<datecreated>Wed, 27 Oct 2021 07:30:10 GMT</datecreated>
			<flags>0</flags>
			<properties/>
			<relations/>
			<accesscontrol/>
		</file>
		<file>
			<destination>mercury-json/demo-2/sample-app/static/js</destination>
			<type>folder</type>
			<uuidstructure>2277fa1c-15fd-11ec-9f9f-0242ac11002b</uuidstructure>
			<datecreated>Wed, 15 Sep 2021 08:15:49 GMT</datecreated>
			<flags>0</flags>
			<properties/>
			<relations/>
			<accesscontrol/>
		</file>
		<file>
			<source>mercury-json/demo-2/sample-app/static/js/chunk.js</source>
			<destination>mercury-json/demo-2/sample-app/static/js/chunk.js</destination>
			<type>plain</type>
			<uuidstructure>b7b72dc2-36f7-11ec-bad8-0242ac11002b</uuidstructure>
			<uuidresource>b7b72dc3-36f7-11ec-bad8-0242ac11002b</uuidresource>
			<datecreated>Wed, 27 Oct 2021 07:30:10 GMT</datecreated>
			<flags>0</flags>
			<properties/>
			<relations/>
			<accesscontrol/>
		</file>
		<file>
			<source>mercury-json/demo-2/sample-app/static/js/chunk.js.LICENSE.txt</source>
			<destination>mercury-json/demo-2/sample-app/static/js/chunk.js.LICENSE.txt</destination>
			<type>plain</type>
			<uuidstructure>b7b88d55-36f7-11ec-bad8-0242ac11002b</uuidstructure>
			<uuidresource>b7b88d56-36f7-11ec-bad8-0242ac11002b</uuidresource>
			<datecreated>Wed, 27 Oct 2021 07:30:10 GMT</datecreated>
			<flags>0</flags>
			<properties/>
			<relations/>
			<accesscontrol/>
		</file>
		<file>
			<source>mercury-json/demo-2/sample-app/static/js/chunk.js.map</source>
			<destination>mercury-json/demo-2/sample-app/static/js/chunk.js.map</destination>
			<type>plain</type>
			<uuidstructure>b7b9c5d8-36f7-11ec-bad8-0242ac11002b</uuidstructure>
			<uuidresource>b7b9c5d9-36f7-11ec-bad8-0242ac11002b</uuidresource>
			<datecreated>Wed, 27 Oct 2021 07:30:10 GMT</datecreated>
			<flags>0</flags>
			<properties/>
			<relations/>
			<accesscontrol/>
		</file>
		<file>
			<source>mercury-json/demo-2/sample-app/static/js/main.chunk.js</source>
			<destination>mercury-json/demo-2/sample-app/static/js/main.chunk.js</destination>
			<type>plain</type>
			<uuidstructure>b7bb738b-36f7-11ec-bad8-0242ac11002b</uuidstructure>
			<uuidresource>b7bb738c-36f7-11ec-bad8-0242ac11002b</uuidresource>
			<datecreated>Wed, 27 Oct 2021 07:30:10 GMT</datecreated>
			<flags>0</flags>
			<properties/>
			<relations/>
			<accesscontrol/>
		</file>
		<file>
			<source>mercury-json/demo-2/sample-app/static/js/main.chunk.js.map</source>
			<destination>mercury-json/demo-2/sample-app/static/js/main.chunk.js.map</destination>
			<type>plain</type>
			<uuidstructure>b7bcac0e-36f7-11ec-bad8-0242ac11002b</uuidstructure>
			<uuidresource>b7bcac0f-36f7-11ec-bad8-0242ac11002b</uuidresource>
			<datecreated>Wed, 27 Oct 2021 07:30:10 GMT</datecreated>
			<flags>0</flags>
			<properties/>
			<relations/>
			<accesscontrol/>
		</file>
		<file>
			<source>mercury-json/demo-2/sample-app/static/js/runtime-main.js</source>
			<destination>mercury-json/demo-2/sample-app/static/js/runtime-main.js</destination>
			<type>plain</type>
			<uuidstructure>b7bdbd81-36f7-11ec-bad8-0242ac11002b</uuidstructure>
			<uuidresource>b7bdbd82-36f7-11ec-bad8-0242ac11002b</uuidresource>
			<datecreated>Wed, 27 Oct 2021 07:30:10 GMT</datecreated>
			<flags>0</flags>
			<properties/>
			<relations/>
			<accesscontrol/>
		</file>
		<file>
			<source>mercury-json/demo-2/sample-app/static/js/runtime-main.js.map</source>
			<destination>mercury-json/demo-2/sample-app/static/js/runtime-main.js.map</destination>
			<type>plain</type>
			<uuidstructure>b7152159-36f7-11ec-bad8-0242ac11002b</uuidstructure>
			<uuidresource>b715215a-36f7-11ec-bad8-0242ac11002b</uuidresource>
			<datecreated>Wed, 27 Oct 2021 07:30:09 GMT</datecreated>
			<flags>0</flags>
			<properties/>
			<relations/>
			<accesscontrol/>
		</file>
		<file>
			<destination>mercury-json/demo-3</destination>
			<type>folder</type>
			<uuidstructure>f7682130-00e5-11ec-8018-0242ac11002b</uuidstructure>
			<datecreated>Thu, 19 Aug 2021 12:07:03 GMT</datecreated>
			<flags>0</flags>
			<properties>
				<property>
					<name>NavPos</name>
					<value><![CDATA[1.0]]></value>
				</property>
				<property>
					<name>NavText</name>
					<value><![CDATA[Demo 3: Page Layout]]></value>
				</property>
				<property>
					<name>Title</name>
					<value><![CDATA[Demo 3: Page Layout]]></value>
				</property>
			</properties>
			<relations/>
			<accesscontrol/>
		</file>
		<file>
			<source>mercury-json/demo-3/demo-3-app</source>
			<destination>mercury-json/demo-3/demo-3-app</destination>
			<type>htmlredirect</type>
			<uuidstructure>db99f364-274c-11ec-a282-0242ac11002b</uuidstructure>
			<uuidresource>db99f365-274c-11ec-a282-0242ac11002b</uuidresource>
			<datecreated>Thu, 07 Oct 2021 08:59:19 GMT</datecreated>
			<flags>0</flags>
			<properties>
				<property>
					<name>NavInfo</name>
					<value><![CDATA[extern]]></value>
				</property>
				<property>
					<name>NavPos</name>
					<value><![CDATA[0.5]]></value>
				</property>
				<property>
					<name>NavText</name>
					<value><![CDATA[Demo 3 app]]></value>
				</property>
				<property>
					<name>Title</name>
					<value><![CDATA[Link to: /mercury-json/demo-3/sample-app/]]></value>
				</property>
				<property>
					<name>locale-available</name>
					<value><![CDATA[en]]></value>
				</property>
				<property>
					<name>search.exclude</name>
					<value><![CDATA[all]]></value>
				</property>
			</properties>
			<relations/>
			<accesscontrol/>
		</file>
		<file>
			<source>mercury-json/demo-3/index.html</source>
			<destination>mercury-json/demo-3/index.html</destination>
			<type>containerpage</type>
			<uuidstructure>f772f6a5-00e5-11ec-8018-0242ac11002b</uuidstructure>
			<uuidresource>f772f6a6-00e5-11ec-8018-0242ac11002b</uuidresource>
			<datecreated>Thu, 19 Aug 2021 12:07:04 GMT</datecreated>
			<flags>0</flags>
			<properties>
				<property>
					<name>Title</name>
					<value><![CDATA[Demo 3: Page Layout]]></value>
				</property>
			</properties>
			<relations/>
			<accesscontrol/>
		</file>
		<file>
			<destination>mercury-json/demo-3/page-editor</destination>
			<type>folder</type>
			<uuidstructure>c5d2466c-04b0-11ec-a85e-0242ac11002b</uuidstructure>
			<datecreated>Tue, 24 Aug 2021 07:56:22 GMT</datecreated>
			<flags>0</flags>
			<properties>
				<property>
					<name>NavPos</name>
					<value><![CDATA[1.0]]></value>
				</property>
				<property>
					<name>NavText</name>
					<value><![CDATA[Page editor]]></value>
				</property>
				<property>
					<name>Title</name>
					<value><![CDATA[Page editor]]></value>
				</property>
				<property type="shared">
					<name>Title</name>
					<value><![CDATA[page]]></value>
				</property>
			</properties>
			<relations/>
			<accesscontrol/>
		</file>
		<file>
			<source>mercury-json/demo-3/page-editor/index.html</source>
			<destination>mercury-json/demo-3/page-editor/index.html</destination>
			<type>containerpage</type>
			<uuidstructure>c5db9542-04b0-11ec-a85e-0242ac11002b</uuidstructure>
			<uuidresource>c5db9543-04b0-11ec-a85e-0242ac11002b</uuidresource>
			<datecreated>Tue, 24 Aug 2021 07:56:22 GMT</datecreated>
			<flags>0</flags>
			<properties>
				<property>
					<name>Title</name>
					<value><![CDATA[Page editor]]></value>
				</property>
			</properties>
			<relations/>
			<accesscontrol/>
		</file>
		<file>
			<destination>mercury-json/demo-3/sample-app</destination>
			<type>folder</type>
			<uuidstructure>a1e8fc56-04f2-11ec-9857-0242ac11002b</uuidstructure>
			<datecreated>Tue, 24 Aug 2021 15:47:48 GMT</datecreated>
			<flags>0</flags>
			<properties/>
			<relations/>
			<accesscontrol/>
		</file>
		<file>
			<source>mercury-json/demo-3/sample-app/asset-manifest.json</source>
			<destination>mercury-json/demo-3/sample-app/asset-manifest.json</destination>
			<type>plain</type>
			<uuidstructure>88387bdd-2a86-11ec-91ac-0242ac11002b</uuidstructure>
			<uuidresource>88387bde-2a86-11ec-91ac-0242ac11002b</uuidresource>
			<datecreated>Mon, 11 Oct 2021 11:29:44 GMT</datecreated>
			<flags>0</flags>
			<properties/>
			<relations/>
			<accesscontrol/>
		</file>
		<file>
			<source>mercury-json/demo-3/sample-app/favicon.ico</source>
			<destination>mercury-json/demo-3/sample-app/favicon.ico</destination>
			<type>plain</type>
			<uuidstructure>883a77b0-2a86-11ec-91ac-0242ac11002b</uuidstructure>
			<uuidresource>883a77b1-2a86-11ec-91ac-0242ac11002b</uuidresource>
			<datecreated>Mon, 11 Oct 2021 11:29:44 GMT</datecreated>
			<flags>0</flags>
			<properties/>
			<relations/>
			<accesscontrol/>
		</file>
		<file>
			<source>mercury-json/demo-3/sample-app/index.html</source>
			<destination>mercury-json/demo-3/sample-app/index.html</destination>
			<type>jsp</type>
			<uuidstructure>883c7383-2a86-11ec-91ac-0242ac11002b</uuidstructure>
			<uuidresource>883c7384-2a86-11ec-91ac-0242ac11002b</uuidresource>
			<datecreated>Mon, 11 Oct 2021 11:29:44 GMT</datecreated>
			<flags>0</flags>
			<properties/>
			<relations/>
			<accesscontrol/>
		</file>
		<file>
			<source>mercury-json/demo-3/sample-app/manifest.json</source>
			<destination>mercury-json/demo-3/sample-app/manifest.json</destination>
			<type>plain</type>
			<uuidstructure>883ebd76-2a86-11ec-91ac-0242ac11002b</uuidstructure>
			<uuidresource>883ebd77-2a86-11ec-91ac-0242ac11002b</uuidresource>
			<datecreated>Mon, 11 Oct 2021 11:29:44 GMT</datecreated>
			<flags>0</flags>
			<properties/>
			<relations/>
			<accesscontrol/>
		</file>
		<file>
			<destination>mercury-json/demo-3/sample-app/static</destination>
			<type>folder</type>
			<uuidstructure>f151d025-04f2-11ec-9857-0242ac11002b</uuidstructure>
			<datecreated>Tue, 24 Aug 2021 15:50:01 GMT</datecreated>
			<flags>0</flags>
			<properties/>
			<relations/>
			<accesscontrol/>
		</file>
		<file>
			<destination>mercury-json/demo-3/sample-app/static/css</destination>
			<type>folder</type>
			<uuidstructure>f15308a7-04f2-11ec-9857-0242ac11002b</uuidstructure>
			<datecreated>Tue, 24 Aug 2021 15:50:01 GMT</datecreated>
			<flags>0</flags>
			<properties/>
			<relations/>
			<accesscontrol/>
		</file>
		<file>
			<source>mercury-json/demo-3/sample-app/static/css/main.chunk.css</source>
			<destination>mercury-json/demo-3/sample-app/static/css/main.chunk.css</destination>
			<type>plain</type>
			<uuidstructure>8bcc95ba-36f9-11ec-bad8-0242ac11002b</uuidstructure>
			<uuidresource>8bcc95bb-36f9-11ec-bad8-0242ac11002b</uuidresource>
			<datecreated>Wed, 27 Oct 2021 07:43:16 GMT</datecreated>
			<flags>0</flags>
			<properties/>
			<relations/>
			<accesscontrol/>
		</file>
		<file>
			<source>mercury-json/demo-3/sample-app/static/css/main.chunk.css.map</source>
			<destination>mercury-json/demo-3/sample-app/static/css/main.chunk.css.map</destination>
			<type>plain</type>
			<uuidstructure>8bce1c5d-36f9-11ec-bad8-0242ac11002b</uuidstructure>
			<uuidresource>8bce1c5e-36f9-11ec-bad8-0242ac11002b</uuidresource>
			<datecreated>Wed, 27 Oct 2021 07:43:16 GMT</datecreated>
			<flags>0</flags>
			<properties/>
			<relations/>
			<accesscontrol/>
		</file>
		<file>
			<destination>mercury-json/demo-3/sample-app/static/js</destination>
			<type>folder</type>
			<uuidstructure>f156d93b-04f2-11ec-9857-0242ac11002b</uuidstructure>
			<datecreated>Tue, 24 Aug 2021 15:50:01 GMT</datecreated>
			<flags>0</flags>
			<properties/>
			<relations/>
			<accesscontrol/>
		</file>
		<file>
			<source>mercury-json/demo-3/sample-app/static/js/chunk.js</source>
			<destination>mercury-json/demo-3/sample-app/static/js/chunk.js</destination>
			<type>plain</type>
			<uuidstructure>8bcf54e0-36f9-11ec-bad8-0242ac11002b</uuidstructure>
			<uuidresource>8bcf54e1-36f9-11ec-bad8-0242ac11002b</uuidresource>
			<datecreated>Wed, 27 Oct 2021 07:43:16 GMT</datecreated>
			<flags>0</flags>
			<properties/>
			<relations/>
			<accesscontrol/>
		</file>
		<file>
			<source>mercury-json/demo-3/sample-app/static/js/chunk.js.LICENSE.txt</source>
			<destination>mercury-json/demo-3/sample-app/static/js/chunk.js.LICENSE.txt</destination>
			<type>plain</type>
			<uuidstructure>8bd129a3-36f9-11ec-bad8-0242ac11002b</uuidstructure>
			<uuidresource>8bd129a4-36f9-11ec-bad8-0242ac11002b</uuidresource>
			<datecreated>Wed, 27 Oct 2021 07:43:16 GMT</datecreated>
			<flags>0</flags>
			<properties/>
			<relations/>
			<accesscontrol/>
		</file>
		<file>
			<source>mercury-json/demo-3/sample-app/static/js/chunk.js.map</source>
			<destination>mercury-json/demo-3/sample-app/static/js/chunk.js.map</destination>
			<type>plain</type>
			<uuidstructure>8bd26226-36f9-11ec-bad8-0242ac11002b</uuidstructure>
			<uuidresource>8bd26227-36f9-11ec-bad8-0242ac11002b</uuidresource>
			<datecreated>Wed, 27 Oct 2021 07:43:16 GMT</datecreated>
			<flags>0</flags>
			<properties/>
			<relations/>
			<accesscontrol/>
		</file>
		<file>
			<source>mercury-json/demo-3/sample-app/static/js/main.chunk.js</source>
			<destination>mercury-json/demo-3/sample-app/static/js/main.chunk.js</destination>
			<type>plain</type>
			<uuidstructure>8bd4ac19-36f9-11ec-bad8-0242ac11002b</uuidstructure>
			<uuidresource>8bd4ac1a-36f9-11ec-bad8-0242ac11002b</uuidresource>
			<datecreated>Wed, 27 Oct 2021 07:43:16 GMT</datecreated>
			<flags>0</flags>
			<properties/>
			<relations/>
			<accesscontrol/>
		</file>
		<file>
			<source>mercury-json/demo-3/sample-app/static/js/main.chunk.js.map</source>
			<destination>mercury-json/demo-3/sample-app/static/js/main.chunk.js.map</destination>
			<type>plain</type>
			<uuidstructure>8bd680dc-36f9-11ec-bad8-0242ac11002b</uuidstructure>
			<uuidresource>8bd680dd-36f9-11ec-bad8-0242ac11002b</uuidresource>
			<datecreated>Wed, 27 Oct 2021 07:43:16 GMT</datecreated>
			<flags>0</flags>
			<properties/>
			<relations/>
			<accesscontrol/>
		</file>
		<file>
			<source>mercury-json/demo-3/sample-app/static/js/runtime-main.js</source>
			<destination>mercury-json/demo-3/sample-app/static/js/runtime-main.js</destination>
			<type>plain</type>
			<uuidstructure>8bd8077f-36f9-11ec-bad8-0242ac11002b</uuidstructure>
			<uuidresource>8bd80780-36f9-11ec-bad8-0242ac11002b</uuidresource>
			<datecreated>Wed, 27 Oct 2021 07:43:16 GMT</datecreated>
			<flags>0</flags>
			<properties/>
			<relations/>
			<accesscontrol/>
		</file>
		<file>
			<source>mercury-json/demo-3/sample-app/static/js/runtime-main.js.map</source>
			<destination>mercury-json/demo-3/sample-app/static/js/runtime-main.js.map</destination>
			<type>plain</type>
			<uuidstructure>8b2ea807-36f9-11ec-bad8-0242ac11002b</uuidstructure>
			<uuidresource>8b2ea808-36f9-11ec-bad8-0242ac11002b</uuidresource>
			<datecreated>Wed, 27 Oct 2021 07:43:15 GMT</datecreated>
			<flags>0</flags>
			<properties/>
			<relations/>
			<accesscontrol/>
		</file>
		<file>
			<destination>mercury-json/headless-api</destination>
			<type>folder</type>
			<uuidstructure>711d12ec-2745-11ec-a282-0242ac11002b</uuidstructure>
			<datecreated>Thu, 07 Oct 2021 08:06:14 GMT</datecreated>
			<flags>0</flags>
			<properties>
				<property>
					<name>NavPos</name>
					<value><![CDATA[0.125]]></value>
				</property>
				<property>
					<name>NavText</name>
					<value><![CDATA[Headless API Overview]]></value>
				</property>
				<property>
					<name>Title</name>
					<value><![CDATA[Headless API Overview]]></value>
				</property>
			</properties>
			<relations/>
			<accesscontrol/>
		</file>
		<file>
			<source>mercury-json/headless-api/index.html</source>
			<destination>mercury-json/headless-api/index.html</destination>
			<type>containerpage</type>
			<uuidstructure>2ca10566-041f-11ec-a85e-0242ac11002b</uuidstructure>
			<uuidresource>2ca10567-041f-11ec-a85e-0242ac11002b</uuidresource>
			<datecreated>Mon, 23 Aug 2021 14:34:08 GMT</datecreated>
			<flags>0</flags>
			<properties>
				<property>
					<name>Title</name>
					<value><![CDATA[Headless API Overview]]></value>
				</property>
			</properties>
			<relations/>
			<accesscontrol/>
		</file>
		<file>
			<destination>system</destination>
			<type>folder</type>
			<properties/>
		</file>
		<file>
			<destination>system/modules</destination>
			<type>folder</type>
			<properties/>
		</file>
		<file>
			<destination>system/modules/alkacon.mercury.template.jsondemo</destination>
			<type>folder</type>
			<uuidstructure>f16823ed-00e4-11ec-8018-0242ac11002b</uuidstructure>
			<datecreated>Thu, 19 Aug 2021 11:59:44 GMT</datecreated>
			<flags>0</flags>
			<properties/>
			<relations/>
			<accesscontrol/>
		</file>
		<file>
			<source>system/modules/alkacon.mercury.template.jsondemo/.config</source>
			<destination>system/modules/alkacon.mercury.template.jsondemo/.config</destination>
			<type>module_config</type>
			<uuidstructure>f16a6ddf-00e4-11ec-8018-0242ac11002b</uuidstructure>
			<uuidresource>f16a6de0-00e4-11ec-8018-0242ac11002b</uuidresource>
			<datecreated>Thu, 19 Aug 2021 11:59:44 GMT</datecreated>
			<flags>0</flags>
			<properties>
				<property>
					<name>locale</name>
					<value><![CDATA[en]]></value>
				</property>
				<property>
					<name>locale-available</name>
					<value><![CDATA[en]]></value>
				</property>
				<property>
					<name>search.exclude</name>
					<value><![CDATA[all]]></value>
				</property>
			</properties>
			<relations/>
			<accesscontrol/>
		</file>
		<file>
			<destination>system/modules/alkacon.mercury.template.jsondemo/elements</destination>
			<type>folder</type>
			<uuidstructure>aa937fdc-2776-11ec-a282-0242ac11002b</uuidstructure>
			<datecreated>Thu, 07 Oct 2021 13:58:36 GMT</datecreated>
			<flags>0</flags>
			<properties>
				<property>
					<name>Title</name>
					<value><![CDATA[JSON demo elements]]></value>
				</property>
			</properties>
			<relations/>
			<accesscontrol/>
		</file>
		<file>
			<source>system/modules/alkacon.mercury.template.jsondemo/elements/jsonapi.jsp</source>
			<destination>system/modules/alkacon.mercury.template.jsondemo/elements/jsonapi.jsp</destination>
			<type>jsp</type>
			<uuidstructure>b717e858-041e-11ec-a85e-0242ac11002b</uuidstructure>
			<uuidresource>b717e859-041e-11ec-a85e-0242ac11002b</uuidresource>
			<datecreated>Mon, 23 Aug 2021 14:30:50 GMT</datecreated>
			<flags>0</flags>
			<properties>
				<property type="shared">
					<name>export</name>
					<value><![CDATA[false]]></value>
				</property>
			</properties>
			<relations/>
			<accesscontrol/>
		</file>
		<file>
			<destination>system/modules/alkacon.mercury.template.jsondemo/formatters</destination>
			<type>folder</type>
			<uuidstructure>f16f01c4-00e4-11ec-8018-0242ac11002b</uuidstructure>
			<datecreated>Thu, 19 Aug 2021 11:59:44 GMT</datecreated>
			<flags>0</flags>
			<properties>
				<property>
					<name>Title</name>
					<value><![CDATA[JSON demo formatters]]></value>
				</property>
			</properties>
			<relations/>
			<accesscontrol/>
		</file>
		<file>
			<source>system/modules/alkacon.mercury.template.jsondemo/formatters/json.xml</source>
			<destination>system/modules/alkacon.mercury.template.jsondemo/formatters/json.xml</destination>
			<type>formatter_config</type>
			<uuidstructure>1b1cfa6d-00e4-11ec-8018-0242ac11002b</uuidstructure>
			<uuidresource>1b1cfa6e-00e4-11ec-8018-0242ac11002b</uuidresource>
			<datecreated>Thu, 19 Aug 2021 11:53:44 GMT</datecreated>
			<flags>0</flags>
			<properties>
				<property>
					<name>Title</name>
					<value><![CDATA[JSON: Text and image section]]></value>
				</property>
			</properties>
			<relations/>
			<accesscontrol/>
		</file>
	</files>
</export>
