<?xml version="1.0" encoding="UTF-8"?>

<NewFormatters xmlns:xsi="http://www.w3.org/2001/XMLSchema-instance" xsi:noNamespaceSchemaLocation="opencms://system/modules/org.opencms.ade.config/schemas/formatters/new_formatter.xsd">
  <NewFormatter language="en">
    <NiceName><![CDATA[%(key.type.m-navigation.formatter.navbar)]]></NiceName>
    <Type><![CDATA[m-navigation]]></Type>
    <Key><![CDATA[m/navigation/main]]></Key>
    <Jsp>
      <link type="WEAK">
        <target><![CDATA[/system/modules/alkacon.mercury.template/formatters/navigation/main.jsp]]></target>
        <uuid>8c657082-7e1a-40f6-a9e2-57896605304c</uuid>
      </link>
    </Jsp>
    <Description><![CDATA[%(key.type.m-navigation.description.formatter) %(key.type.general.description.navigation)]]></Description>
    <Rank><![CDATA[2000]]></Rank>
    <Match>
      <Types>
        <ContainerType><![CDATA[nav-main]]></ContainerType>
      </Types>
    </Match>
    <AutoEnabled>false</AutoEnabled>
    <SearchContent>false</SearchContent>
    <StrictContainers>true</StrictContainers>
    <IncludeSettings>
      <link type="WEAK">
        <target><![CDATA[/system/modules/alkacon.mercury.template/configuration/shared-settings.xml]]></target>
        <uuid>77009936-87a5-42b3-86ff-90252ede0593</uuid>
      </link>
    </IncludeSettings>
    <Setting>
      <IncludeName><![CDATA[cssWrapper.default]]></IncludeName>
    </Setting>
    <Setting>
      <IncludeName><![CDATA[textDisplay.navigation]]></IncludeName>
    </Setting>
    <Setting>
      <IncludeName><![CDATA[metaLinks.navigation]]></IncludeName>
    </Setting>
    <Setting>
      <IncludeName><![CDATA[showImageLink.false]]></IncludeName>
    </Setting>
    <Setting>
      <IncludeName><![CDATA[showSearch.navigation]]></IncludeName>
    </Setting>
  </NewFormatter>
</NewFormatters>
