<?xml version="1.0" encoding="UTF-8"?>

<NewFormatters xmlns:xsi="http://www.w3.org/2001/XMLSchema-instance" xsi:noNamespaceSchemaLocation="opencms://system/modules/org.opencms.ade.config/schemas/formatters/new_formatter.xsd">
  <NewFormatter language="en">
    <NiceName><![CDATA[%(key.type.m-navigation.formatter.side)]]></NiceName>
    <Type><![CDATA[m-navigation]]></Type>
    <Key><![CDATA[m/navigation/side]]></Key>
    <Jsp>
      <link type="WEAK">
        <target><![CDATA[/system/modules/alkacon.mercury.template/formatters/navigation/side.jsp]]></target>
        <uuid>a954bfd2-0765-4882-873d-561a8dd3a10e</uuid>
      </link>
    </Jsp>
    <Description><![CDATA[%(key.type.m-navigation.description.formatter) %(key.type.general.description.navigation)]]></Description>
    <Rank><![CDATA[1500]]></Rank>
    <Match>
      <Types>
        <ContainerType><![CDATA[element]]></ContainerType>
        <ContainerType><![CDATA[m-element]]></ContainerType>
        <ContainerType><![CDATA[nav-side]]></ContainerType>
      </Types>
    </Match>
    <AutoEnabled>false</AutoEnabled>
    <SearchContent>false</SearchContent>
    <StrictContainers>true</StrictContainers>
    <IncludeSettings>
      <link type="WEAK">
        <target><![CDATA[/system/modules/alkacon.mercury.template/configuration/shared-settings.xml]]></target>
        <uuid>77009936-87a5-42b3-86ff-90252ede0593</uuid>
      </link>
    </IncludeSettings>
    <Setting>
      <IncludeName><![CDATA[cssWrapper.default]]></IncludeName>
    </Setting>
    <Setting>
      <IncludeName><![CDATA[cssWrapper2.default]]></IncludeName>
    </Setting>
    <Setting>
      <IncludeName><![CDATA[cssWrapper3.default]]></IncludeName>
    </Setting>
    <Setting>
      <IncludeName><![CDATA[hsize.element.0]]></IncludeName>
    </Setting>
    <Setting>
      <IncludeName><![CDATA[cssVisibility.default]]></IncludeName>
    </Setting>
    <Setting>
      <IncludeName><![CDATA[allOpen.false]]></IncludeName>
    </Setting>
  </NewFormatter>
</NewFormatters>
