<?xml version="1.0" encoding="UTF-8"?>

<ContentSectionData xmlns:xsi="http://www.w3.org/2001/XMLSchema-instance" xsi:noNamespaceSchemaLocation="opencms://system/modules/alkacon.mercury.template/schemas/section.xsd">
  <ContentSection language="en">
    <Title><![CDATA[About the demo apps]]></Title>
    <Text name="Text0">
      <links>
        <link name="link0" internal="false" type="A">
          <target><![CDATA[https://github.com/alkacon/mercury-json]]></target>
        </link>
        <link name="link1" internal="false" type="A">
          <target><![CDATA[https://documentation.opencms.org/opencms-documentation/interfaces/headless-json-api/]]></target>
        </link>
      </links>
      <content><![CDATA[<p>The demo apps are simple React applications intended to showcase how the OpenCms headless JSON API works. There are no React dependencies, so the same principles can easily be used with other frameworks such as Angular, Vue or whatever else you prefer.</p>
<p>The demos are not intended to be real-world use cases. These apps have been created specifically as short and simple examples that concentrate on various aspects of the OpenCms headless JSON API.</p>
<p>The <a title="Source Code" href="%(link0)" target="_blank" rel="noopener">source code</a> of the demo apps is available on GitHub. It contains useful comments about technical details. The <a title="API Documentation" href="%(link1)" target="_blank" rel="noopener">OpenCms headless JSON API documentation</a> explains the features of the API in detail.</p>]]></content>
    </Text>
  </ContentSection>
</ContentSectionData>
