<?xml version="1.0" encoding="UTF-8"?>

<ContentSectionData xmlns:xsi="http://www.w3.org/2001/XMLSchema-instance" xsi:noNamespaceSchemaLocation="opencms://system/modules/alkacon.mercury.template/schemas/section.xsd">
  <ContentSection language="en">
    <Title><![CDATA[Demo 2: Dynamic Lists]]></Title>
    <Text name="Text0">
      <links/>
      <content><![CDATA[<p>Renders a list that is configured by content managers</p>]]></content>
    </Text>
    <Link>
      <Text><![CDATA[Read more]]></Text>
      <URI>
        <link internal="true" type="WEAK">
          <target><![CDATA[/sites/default/mercury-json/demo-2/]]></target>
          <uuid>791dc901-00f7-11ec-8018-0242ac11002b</uuid>
        </link>
      </URI>
    </Link>
  </ContentSection>
</ContentSectionData>
