<?xml version="1.0" encoding="UTF-8"?>

<ContentSectionData xmlns:xsi="http://www.w3.org/2001/XMLSchema-instance" xsi:noNamespaceSchemaLocation="opencms://system/modules/alkacon.mercury.template/schemas/section.xsd">
  <ContentSection language="en">
    <Title><![CDATA[Accessing list contents]]></Title>
    <Text name="Text0">
      <links/>
      <content><![CDATA[<p>The list handler of the OpenCms JSON API allows to directly read the results of a list configuration.</p>
<p>As with folders, the result can be a list of files, or the file content can already be included in the list result.</p>]]></content>
    </Text>
  </ContentSection>
</ContentSectionData>
