<?xml version="1.0" encoding="UTF-8"?>

<ContentSectionData xmlns:xsi="http://www.w3.org/2001/XMLSchema-instance" xsi:noNamespaceSchemaLocation="opencms://system/modules/alkacon.mercury.template/schemas/section.xsd">
  <ContentSection language="en">
    <Title><![CDATA[Demo 2: Dynamic Lists]]></Title>
    <Text name="Text0">
      <links>
        <link name="link0" internal="false" type="A">
          <target><![CDATA[https://documentation.opencms.org/opencms-documentation/content-in-opencms/lists-and-detail-pages/]]></target>
        </link>
      </links>
      <content><![CDATA[<p>Demo 2 showcases how an app can leverage dynamic OpenCms <a href="%(link0)">lists</a>. Lists provide content managers with an editor interface in the web browser that shows contents in the order as they will appear in the app later.</p>]]></content>
    </Text>
  </ContentSection>
</ContentSectionData>
