<?xml version="1.0" encoding="UTF-8"?>

<ContentSectionData xmlns:xsi="http://www.w3.org/2001/XMLSchema-instance" xsi:noNamespaceSchemaLocation="opencms://system/modules/alkacon.mercury.template/schemas/section.xsd">
  <ContentSection language="en">
    <Title><![CDATA[Site Folder Request]]></Title>
    <Text name="Text0">
      <links>
        <link name="link0" internal="true" type="A">
          <target><![CDATA[/system/modules/alkacon.mercury.template.jsondemo/elements/jsonapi.jsp]]></target>
          <uuid>b717e858-041e-11ec-a85e-0242ac11002b</uuid>
          <query><![CDATA[uri=demo12]]></query>
        </link>
      </links>
      <content><![CDATA[<p>Sites are available below the <em>/sites/</em> folder. For example, the Mercury demo site <em>/mercury-demo/</em> is accessible as a sub-site of the default site <em>/sites/default/</em>.</p>
<pre>GET <a title="Site Folder Request" href="%(link0)" target="_blank" rel="noopener">/json/sites/default/mercury-demo/</a>
{
  ".content": {},
  ".galleries": {},
  "about": {},
  "advanced-elements": {},
  "blog": {},
  "content-elements": {},
  "demos": {},
  "detail-pages": {},
  "downloads": {},
  "events": {},
  "faqs": {},
  "home": {},
  ..
}</pre>]]></content>
    </Text>
    <Image>
      <Image>
        <link type="WEAK">
          <target><![CDATA[/sites/default/mercury-json/.gallery/mercury-demo-folder.png]]></target>
          <uuid>d58b6236-04c6-11ec-a85e-0242ac11002b</uuid>
        </link>
      </Image>
      <Title><![CDATA[Sites are available below the /sites/ folder like in the OpenCms explorer.]]></Title>
    </Image>
  </ContentSection>
</ContentSectionData>
