<?xml version="1.0" encoding="UTF-8"?>

<ContentSectionData xmlns:xsi="http://www.w3.org/2001/XMLSchema-instance" xsi:noNamespaceSchemaLocation="opencms://system/modules/alkacon.mercury.template/schemas/section.xsd">
  <ContentSection language="en">
    <Title><![CDATA[Guide to evaluation]]></Title>
    <Text name="Text0">
      <links>
        <link name="link0" internal="true" type="A">
          <target><![CDATA[/sites/default/mercury-json/demo-3/sample-app/]]></target>
          <uuid>a1e8fc56-04f2-11ec-9857-0242ac11002b</uuid>
        </link>
        <link name="link1" internal="true" type="A">
          <target><![CDATA[/sites/default/mercury-json/demo-3/page-editor/]]></target>
          <uuid>c5d2466c-04b0-11ec-a85e-0242ac11002b</uuid>
        </link>
        <link name="link2" internal="false" type="A">
          <target><![CDATA[https://documentation.opencms.org/opencms-documentation/interfaces/headless-json-api/]]></target>
        </link>
        <link name="link3" internal="false" type="A">
          <target><![CDATA[https://github.com/alkacon/mercury-json/]]></target>
        </link>
      </links>
      <content><![CDATA[<ul>
<li>Open the <a title="Demo application" href="%(link0)" target="_blank" rel="noopener">demo 3 app</a>.</li>
<li>The app shows the same content used multiple times in different display variations (image left, image right, only image, etc.).</li>
<li>Open the same page in the <a title="Editable web view" href="%(link1)">OpenCms page editor</a>.</li>
<li>In the page editor, open the element settings dialog (requires login).</li>
<li>Change the element settings in the dialog, click save, and see how the changes are reflected in the demo application.</li>
<li>Read more about the technical details of the JSON page handler in the <a href="%(link2)" target="_blank" rel="noopener">OpenCms JSON API documentation</a>.</li>
<li>Have a look at the <a href="%(link3)" target="_blank" rel="noopener">source code of the demo 3 app</a>.</li>
</ul>]]></content>
    </Text>
    <Image>
      <Image>
        <link type="WEAK">
          <target><![CDATA[/sites/default/mercury-json/.gallery/element-settings.png]]></target>
          <uuid>6103b13e-04bb-11ec-a85e-0242ac11002b</uuid>
        </link>
      </Image>
      <Title><![CDATA[Screenshot of the OpenCms Element Settings Editor]]></Title>
    </Image>
  </ContentSection>
</ContentSectionData>
