<?xml version="1.0" encoding="UTF-8"?>

<ContentSectionData xmlns:xsi="http://www.w3.org/2001/XMLSchema-instance" xsi:noNamespaceSchemaLocation="opencms://system/modules/alkacon.mercury.template/schemas/section.xsd">
  <ContentSection language="en">
    <Title><![CDATA[Page Request]]></Title>
    <Text name="Text0">
      <links>
        <link name="link0" internal="true" type="A">
          <target><![CDATA[/system/modules/alkacon.mercury.template.jsondemo/elements/jsonapi.jsp]]></target>
          <uuid>b717e858-041e-11ec-a85e-0242ac11002b</uuid>
          <query><![CDATA[uri=demo31]]></query>
        </link>
      </links>
      <content><![CDATA[<p>Element settings such as the sizes and the visibility of texts and headings are part of the JSON page response.</p>
<pre>GET <a title="JSON Page Response" href="%(link0)" target="_blank" rel="noopener">/json/sites/default/mercury-json/demo-3/page-editor/index.html</a>
{
  "containers": [
    {
      "elements": [
        {
          "containers": [],
          "formatterKey": "m/section/json",
          "path": "/sites/default/mercury-json/.content/section-m/cs_00002.xml",
          "settings": {
            "hsize": "2",
            "linkOption": "button",
            "pieceLayout": "6",
            "textOption": "default",
            "visualOption": "99"
          }
        },
        {
          "containers": [],
          "formatterKey": "m/section/json",
          "path": "/sites/default/mercury-json/.content/section-m/cs_00002.xml",
          "settings": {
            "hsize": "2",
            "linkOption": "button",
            "pieceLayout": "7",
            "textOption": "default",
            "visualOption": "99"
          }
        },
  ...
}
</pre>]]></content>
    </Text>
    <Image>
      <Image>
        <link type="WEAK">
          <target><![CDATA[/sites/default/mercury-json/.gallery/element-settings.png]]></target>
          <uuid>6103b13e-04bb-11ec-a85e-0242ac11002b</uuid>
        </link>
      </Image>
      <Title><![CDATA[Sample JSON element settings for a section content.]]></Title>
    </Image>
  </ContentSection>
</ContentSectionData>
