<?xml version="1.0" encoding="UTF-8"?>

<ContentSectionData xmlns:xsi="http://www.w3.org/2001/XMLSchema-instance" xsi:noNamespaceSchemaLocation="opencms://system/modules/alkacon.mercury.template/schemas/section.xsd">
  <ContentSection language="en">
    <Title><![CDATA[Endpoint Folder Request]]></Title>
    <Text name="Text0">
      <links>
        <link name="link0" internal="true" type="A">
          <target><![CDATA[/system/modules/alkacon.mercury.template.jsondemo/elements/jsonapi.jsp]]></target>
          <uuid>b717e858-041e-11ec-a85e-0242ac11002b</uuid>
          <query><![CDATA[uri=demo11]]></query>
        </link>
      </links>
      <content><![CDATA[<p>/json/ is the base endpoint of the JSON API, where all JSON contents of an OpenCms installation live.</p>
<pre>GET <a title="Endpoint Folder Request" href="%(link0)" target="_blank" rel="noopener">/json/</a>
{
  "shared": {},
  "sites": {},
  "system": {}
}</pre>]]></content>
    </Text>
    <Image>
      <Image>
        <link type="WEAK">
          <target><![CDATA[/sites/default/mercury-json/.gallery/root-folder.png]]></target>
          <uuid>fe61e6bf-04c5-11ec-a85e-0242ac11002b</uuid>
        </link>
      </Image>
      <Title><![CDATA[The endpoint folder request corresponds to the root folder in the OpenCms explorer.]]></Title>
    </Image>
  </ContentSection>
</ContentSectionData>
