<?xml version="1.0" encoding="UTF-8"?>

<ContentSectionData xmlns:xsi="http://www.w3.org/2001/XMLSchema-instance" xsi:noNamespaceSchemaLocation="opencms://system/modules/alkacon.mercury.template/schemas/section.xsd">
  <ContentSection language="en">
    <Title><![CDATA[Accessing element container pages and element settings]]></Title>
    <Text name="Text0">
      <links/>
      <content><![CDATA[<p>Access to OpenCms container pages is available via the JSON API. A container page URL called with the JSON API will provide a JSON representation of the page, including links to the individual elements and a list of the individual element settings.</p>]]></content>
    </Text>
  </ContentSection>
</ContentSectionData>
