<?xml version="1.0" encoding="UTF-8"?>

<ContentSectionData xmlns:xsi="http://www.w3.org/2001/XMLSchema-instance" xsi:noNamespaceSchemaLocation="opencms://system/modules/alkacon.mercury.template/schemas/section.xsd">
  <ContentSection language="en">
    <Title><![CDATA[Activate the JSON API]]></Title>
    <Text name="Text0">
      <links>
        <link name="link0" internal="false" type="A">
          <target><![CDATA[https://documentation.opencms.org/opencms-documentation/interfaces/headless-json-api/]]></target>
          <anchor><![CDATA[configuration-27865a81]]></anchor>
        </link>
      </links>
      <content><![CDATA[<p>Please note that the links in the example(s) below only work if the JSON API is <a href="%(link0)" target="_blank" rel="noopener">enabled</a>.</p>]]></content>
    </Text>
  </ContentSection>
</ContentSectionData>
