<?xml version="1.0" encoding="UTF-8"?>

<ContentSectionData xmlns:xsi="http://www.w3.org/2001/XMLSchema-instance" xsi:noNamespaceSchemaLocation="opencms://system/modules/alkacon.mercury.template/schemas/section.xsd">
  <ContentSection language="en">
    <Title><![CDATA[Content Folder Request]]></Title>
    <Text name="Text0">
      <links>
        <link name="link0" internal="true" type="A">
          <target><![CDATA[/system/modules/alkacon.mercury.template.jsondemo/elements/jsonapi.jsp]]></target>
          <uuid>b717e858-041e-11ec-a85e-0242ac11002b</uuid>
          <query><![CDATA[uri=demo13]]></query>
        </link>
      </links>
      <content><![CDATA[<p>Contents can be located in the <em>/.content/</em> folder of a site or sub-site. The example shows the content types of this Mercury demo site.</p>
<pre>GET <a title="Content Folder Request" href="%(link0)" target="_blank" rel="noopener">/json/sites/default/mercury-demo/.content/</a>
{
  "article-m": {},
  "contact-m": {},
  "decoy-m": {},
  "event-m": {},
  "faq-m": {},
  ...
}
</pre>]]></content>
    </Text>
    <Image>
      <Image>
        <link type="WEAK">
          <target><![CDATA[/sites/default/mercury-json/.gallery/content-folder.png]]></target>
          <uuid>54b1473f-04c7-11ec-a85e-0242ac11002b</uuid>
        </link>
      </Image>
      <Title><![CDATA[Contents can be found in the .content folder of a site.]]></Title>
    </Image>
  </ContentSection>
</ContentSectionData>
