<?xml version="1.0" encoding="UTF-8"?>

<ContentSectionData xmlns:xsi="http://www.w3.org/2001/XMLSchema-instance" xsi:noNamespaceSchemaLocation="opencms://system/modules/alkacon.mercury.template/schemas/section.xsd">
  <ContentSection language="en">
    <Title><![CDATA[Edit the demo 3 content]]></Title>
    <Text name="Text0">
      <links/>
      <content><![CDATA[<p>In the OpenCms page editor</p>]]></content>
    </Text>
    <Link>
      <Text><![CDATA[Open]]></Text>
      <URI>
        <link internal="true" type="WEAK">
          <target><![CDATA[/sites/default/mercury-json/demo-3/page-editor/]]></target>
          <uuid>c5d2466c-04b0-11ec-a85e-0242ac11002b</uuid>
        </link>
      </URI>
      <NewWindow>true</NewWindow>
    </Link>
  </ContentSection>
</ContentSectionData>
