<?xml version="1.0" encoding="UTF-8"?>

<ContentSectionData xmlns:xsi="http://www.w3.org/2001/XMLSchema-instance" xsi:noNamespaceSchemaLocation="opencms://system/modules/alkacon.mercury.template/schemas/section.xsd">
  <ContentSection language="en">
    <Title><![CDATA[Demo 1: Content Access]]></Title>
    <Text name="Text0">
      <links/>
      <content><![CDATA[<p>Demo 1 is the "hello world" of the OpenCms JSON API. It showcases simple content access via folder and file URLs. The contents are directly read from the OpenCms virtual file system.</p>]]></content>
    </Text>
  </ContentSection>
</ContentSectionData>
