<?xml version="1.0" encoding="UTF-8"?>

<ContentSectionData xmlns:xsi="http://www.w3.org/2001/XMLSchema-instance" xsi:noNamespaceSchemaLocation="opencms://system/modules/alkacon.mercury.template/schemas/section.xsd">
  <ContentSection language="en">
    <Title><![CDATA[View]]></Title>
    <Text name="Text0">
      <links/>
      <content><![CDATA[<p>The demo 2 app</p>]]></content>
    </Text>
    <Link>
      <Text><![CDATA[Open]]></Text>
      <URI>
        <link internal="true" type="WEAK">
          <target><![CDATA[/sites/default/mercury-json/demo-2/sample-app/]]></target>
          <uuid>409d7099-04ee-11ec-9857-0242ac11002b</uuid>
        </link>
      </URI>
      <NewWindow>true</NewWindow>
    </Link>
  </ContentSection>
</ContentSectionData>
