<?xml version="1.0" encoding="UTF-8"?>

<ContentSectionData xmlns:xsi="http://www.w3.org/2001/XMLSchema-instance" xsi:noNamespaceSchemaLocation="opencms://system/modules/alkacon.mercury.template/schemas/section.xsd">
  <ContentSection language="en">
    <Title><![CDATA[Demo 1 notes]]></Title>
    <Text name="Text0">
      <links>
        <link name="link0" internal="true" type="A">
          <target><![CDATA[/sites/default/mercury-json/demo-2/]]></target>
          <uuid>791dc901-00f7-11ec-8018-0242ac11002b</uuid>
        </link>
      </links>
      <content><![CDATA[<p>The approach to display content in the demo 1 app is straightforward, but has some potential drawbacks:</p>
<ul>
<li>If filtering of the content is required, this needs to be implemented in the app.</li>
<li>The content manager lacks an user interface that shows him the content that will be included in the app.</li>
</ul>
<p>These drawbacks are addressed in the <a href="%(link0)">demo 2 app</a> using dynamic lists.</p>]]></content>
    </Text>
  </ContentSection>
</ContentSectionData>
