<?xml version="1.0" encoding="UTF-8"?>

<NewFormatters xmlns:xsi="http://www.w3.org/2001/XMLSchema-instance" xsi:noNamespaceSchemaLocation="opencms://system/modules/org.opencms.ade.config/schemas/formatters/new_formatter.xsd">
  <NewFormatter language="en">
    <NiceName><![CDATA[%(key.type.m-organization.formatter.teaser.elaborate)]]></NiceName>
    <Type><![CDATA[m-organization]]></Type>
    <Key><![CDATA[m/display/organization-elaborate]]></Key>
    <Jsp>
      <link type="WEAK">
        <target><![CDATA[/system/modules/alkacon.mercury.template/formatters/display/contact.jsp]]></target>
        <uuid>3f90a2c4-74b4-11ea-8d2f-0242ac11002b</uuid>
      </link>
    </Jsp>
    <Description><![CDATA[%(key.type.m-organization.description.formatter) %(key.type.general.description.teaser.elaborate.in-list) %(key.type.general.description.teaser.contact)]]></Description>
    <Rank><![CDATA[22000]]></Rank>
    <Match>
      <Types>
        <ContainerType><![CDATA[contact]]></ContainerType>
        <ContainerType><![CDATA[organization]]></ContainerType>
      </Types>
    </Match>
    <Display><![CDATA[teaser-elaborate contact-teaser]]></Display>
    <AutoEnabled>false</AutoEnabled>
    <SearchContent>true</SearchContent>
    <StrictContainers>true</StrictContainers>
    <IncludeSettings>
      <link type="WEAK">
        <target><![CDATA[/system/modules/alkacon.mercury.template/configuration/shared-settings.xml]]></target>
        <uuid>77009936-87a5-42b3-86ff-90252ede0593</uuid>
      </link>
    </IncludeSettings>
    <Setting>
      <IncludeName><![CDATA[cssWrapper.default]]></IncludeName>
    </Setting>
    <Setting>
      <IncludeName><![CDATA[listDisplay.default]]></IncludeName>
    </Setting>
    <Setting>
      <IncludeName><![CDATA[pieceLayout.elaborate]]></IncludeName>
    </Setting>
    <Setting>
      <IncludeName><![CDATA[pieceLayout.all]]></IncludeName>
    </Setting>
    <Setting>
      <IncludeName><![CDATA[hsize.listTeaser]]></IncludeName>
    </Setting>
    <Setting>
      <IncludeName><![CDATA[visualOption.contact]]></IncludeName>
    </Setting>
    <Setting>
      <IncludeName><![CDATA[piece.sizeMobile.default]]></IncludeName>
    </Setting>
    <Setting>
      <IncludeName><![CDATA[piece.sizeDesktop.default]]></IncludeName>
    </Setting>
    <Setting>
      <IncludeName><![CDATA[imageRatio.sizeMobile.default]]></IncludeName>
    </Setting>
    <Setting>
      <IncludeName><![CDATA[imageRatio.sizeDesktop.default]]></IncludeName>
    </Setting>
    <Setting>
      <IncludeName><![CDATA[effect.default]]></IncludeName>
    </Setting>
    <Setting>
      <IncludeName><![CDATA[linkTarget.contact]]></IncludeName>
    </Setting>
    <Setting>
      <IncludeName><![CDATA[linkOption.listTeaser]]></IncludeName>
    </Setting>
    <Setting>
      <IncludeName><![CDATA[buttonText.contact]]></IncludeName>
    </Setting>
    <Setting>
      <IncludeName><![CDATA[labels.contact]]></IncludeName>
    </Setting>
    <Setting>
      <IncludeName><![CDATA[showAddress.contact]]></IncludeName>
    </Setting>
    <Setting>
      <IncludeName><![CDATA[showOrganization.listTeaser]]></IncludeName>
    </Setting>
    <Setting>
      <IncludeName><![CDATA[compactLayout.contact]]></IncludeName>
    </Setting>
    <Setting>
      <IncludeName><![CDATA[showTitle.contact.false]]></IncludeName>
    </Setting>
    <Setting>
      <IncludeName><![CDATA[showDescription.contact.false]]></IncludeName>
    </Setting>
    <Setting>
      <IncludeName><![CDATA[showPhone.contact]]></IncludeName>
    </Setting>
    <Setting>
      <IncludeName><![CDATA[showWebsite.contact]]></IncludeName>
    </Setting>
    <Setting>
      <IncludeName><![CDATA[showEmail.contact]]></IncludeName>
    </Setting>
    <Setting>
      <IncludeName><![CDATA[showVcard.contact]]></IncludeName>
    </Setting>
    <Setting>
      <IncludeName><![CDATA[showImageCopyright.listTeaser]]></IncludeName>
    </Setting>
    <Setting>
      <IncludeName><![CDATA[listEntryMinHeight.125]]></IncludeName>
    </Setting>
    <Setting>
      <IncludeName><![CDATA[listWrapper.default]]></IncludeName>
    </Setting>
    <Setting>
      <IncludeName><![CDATA[listCssWrapper.default]]></IncludeName>
    </Setting>
    <Setting>
      <IncludeName><![CDATA[listEntryWrapper.default]]></IncludeName>
    </Setting>
    <Setting>
      <IncludeName><![CDATA[listDetailLinkOverride.default]]></IncludeName>
    </Setting>
  </NewFormatter>
</NewFormatters>
