<?xml version="1.0" encoding="UTF-8"?>

<ListConfigs xmlns:xsi="http://www.w3.org/2001/XMLSchema-instance" xsi:noNamespaceSchemaLocation="opencms://system/modules/org.opencms.ade.config/schemas/list_config.xsd">
  <ListConfig language="en">
    <Title><![CDATA[Demo 2: Sample List]]></Title>
    <TypesToCollect>m-article:m/display/article-elaborate</TypesToCollect>
    <SearchFolder>
      <link type="WEAK">
        <target><![CDATA[/sites/default/mercury-demo/.content/]]></target>
        <uuid>f3a6be7b-3a95-11e9-bd84-0242ac11002b</uuid>
      </link>
    </SearchFolder>
    <Category/>
    <CategoryMode><![CDATA[OR]]></CategoryMode>
    <SortOrder><![CDATA[DATE_ASC]]></SortOrder>
  </ListConfig>
</ListConfigs>
