<?xml version="1.0" encoding="UTF-8"?>

<NewFormatters xmlns:xsi="http://www.w3.org/2001/XMLSchema-instance" xsi:noNamespaceSchemaLocation="opencms://system/modules/org.opencms.ade.config/schemas/formatters/new_formatter.xsd">
  <NewFormatter language="en">
    <NiceName><![CDATA[%(key.type.m-flexible.formatter.element)]]></NiceName>
    <Type><![CDATA[m-flexible]]></Type>
    <Key><![CDATA[m/element/flexible]]></Key>
    <Jsp>
      <link type="WEAK">
        <target><![CDATA[/system/modules/alkacon.mercury.template/formatters/element/flexible.jsp]]></target>
        <uuid>f9f78831-1355-4bfe-bd0f-2c67b2a4dd38</uuid>
      </link>
    </Jsp>
    <Description><![CDATA[%(key.type.m-flexible.description.formatter)]]></Description>
    <Rank><![CDATA[1000]]></Rank>
    <Match>
      <Types>
        <ContainerType><![CDATA[element]]></ContainerType>
        <ContainerType><![CDATA[m-element]]></ContainerType>
        <ContainerType><![CDATA[flexible]]></ContainerType>
      </Types>
    </Match>
    <AutoEnabled>false</AutoEnabled>
    <SearchContent>false</SearchContent>
    <StrictContainers>true</StrictContainers>
    <Detail>true</Detail>
    <IncludeSettings>
      <link type="WEAK">
        <target><![CDATA[/system/modules/alkacon.mercury.template/configuration/shared-settings.xml]]></target>
        <uuid>77009936-87a5-42b3-86ff-90252ede0593</uuid>
      </link>
    </IncludeSettings>
    <Setting>
      <IncludeName><![CDATA[cssWrapper.default]]></IncludeName>
    </Setting>
    <Setting>
      <IncludeName><![CDATA[cssWrapper2.default]]></IncludeName>
    </Setting>
    <Setting>
      <IncludeName><![CDATA[cssWrapper3.default]]></IncludeName>
    </Setting>
    <Setting>
      <IncludeName><![CDATA[hsize.element.2]]></IncludeName>
    </Setting>
    <Setting>
      <IncludeName><![CDATA[cssVisibility.flexible]]></IncludeName>
    </Setting>
  </NewFormatter>
</NewFormatters>
