<?xml version="1.0" encoding="UTF-8"?>

<NewFormatters xmlns:xsi="http://www.w3.org/2001/XMLSchema-instance" xsi:noNamespaceSchemaLocation="opencms://system/modules/org.opencms.ade.config/schemas/formatters/new_formatter.xsd">
  <NewFormatter language="en">
    <NiceName><![CDATA[%(key.type.m-linksequence.name)%(key.type.for-header.suffix)]]></NiceName>
    <Type><![CDATA[m-linksequence]]></Type>
    <Key><![CDATA[m/element/linksequence-header]]></Key>
    <Jsp>
      <link type="WEAK">
        <target><![CDATA[/system/modules/alkacon.mercury.template/formatters/element/linksequence.jsp]]></target>
        <uuid>8970f120-10a0-40c9-8796-4a3f5df368ac</uuid>
      </link>
    </Jsp>
    <Description><![CDATA[%(key.type.m-linksequence.description.formatter)]]></Description>
    <Rank><![CDATA[900]]></Rank>
    <Match>
      <Types>
        <ContainerType><![CDATA[linksequence-header]]></ContainerType>
      </Types>
    </Match>
    <AutoEnabled>false</AutoEnabled>
    <SearchContent>false</SearchContent>
    <StrictContainers>true</StrictContainers>
    <IncludeSettings>
      <link type="WEAK">
        <target><![CDATA[/system/modules/alkacon.mercury.template/configuration/shared-settings.xml]]></target>
        <uuid>77009936-87a5-42b3-86ff-90252ede0593</uuid>
      </link>
    </IncludeSettings>
    <Setting>
      <IncludeName><![CDATA[cssWrapper.default]]></IncludeName>
    </Setting>
    <Setting>
      <IncludeName><![CDATA[hsize.element.0]]></IncludeName>
    </Setting>
    <Setting>
      <IncludeName><![CDATA[linksequenceType.linksequence]]></IncludeName>
    </Setting>
    <Setting>
      <IncludeName><![CDATA[iconClass.header.metaLinks]]></IncludeName>
    </Setting>
    <Setting>
      <IncludeName><![CDATA[addCssWrapper.header.metaLinks]]></IncludeName>
    </Setting>
  </NewFormatter>
</NewFormatters>
