<?xml version="1.0" encoding="UTF-8"?>

<NewFormatters xmlns:xsi="http://www.w3.org/2001/XMLSchema-instance" xsi:noNamespaceSchemaLocation="opencms://system/modules/org.opencms.ade.config/schemas/formatters/new_formatter.xsd">
  <NewFormatter language="en">
    <NiceName><![CDATA[%(key.type.m-linksequence.formatter.expand)]]></NiceName>
    <Type><![CDATA[m-linksequence]]></Type>
    <Key><![CDATA[m/element/linksequence-expand]]></Key>
    <Jsp>
      <link type="WEAK">
        <target><![CDATA[/system/modules/alkacon.mercury.template/formatters/element/linksequence.jsp]]></target>
        <uuid>8970f120-10a0-40c9-8796-4a3f5df368ac</uuid>
      </link>
    </Jsp>
    <Description><![CDATA[%(key.type.m-linksequence.description.formatter.expand)]]></Description>
    <Rank><![CDATA[1000]]></Rank>
    <Match>
      <Types>
        <ContainerType><![CDATA[element]]></ContainerType>
        <ContainerType><![CDATA[m-element]]></ContainerType>
        <ContainerType><![CDATA[linksequence]]></ContainerType>
      </Types>
    </Match>
    <AutoEnabled>false</AutoEnabled>
    <SearchContent>true</SearchContent>
    <StrictContainers>true</StrictContainers>
    <IncludeSettings>
      <link type="WEAK">
        <target><![CDATA[/system/modules/alkacon.mercury.template/configuration/shared-settings.xml]]></target>
        <uuid>77009936-87a5-42b3-86ff-90252ede0593</uuid>
      </link>
    </IncludeSettings>
    <Setting>
      <IncludeName><![CDATA[cssWrapper.default]]></IncludeName>
    </Setting>
    <Setting>
      <IncludeName><![CDATA[cssWrapper2.default]]></IncludeName>
    </Setting>
    <Setting>
      <IncludeName><![CDATA[cssWrapper3.default]]></IncludeName>
    </Setting>
    <Setting>
      <IncludeName><![CDATA[hsize.2]]></IncludeName>
    </Setting>
    <Setting>
      <PropertyName><![CDATA[linksequenceType]]></PropertyName>
      <Widget><![CDATA[hidden]]></Widget>
      <Default><![CDATA[ls-expand]]></Default>
    </Setting>
    <Setting>
      <IncludeName><![CDATA[expandOption.linksequence]]></IncludeName>
    </Setting>
    <Setting>
      <IncludeName><![CDATA[iconClass.linksequence]]></IncludeName>
    </Setting>
  </NewFormatter>
</NewFormatters>
