<?xml version="1.0" encoding="UTF-8"?>

<NewFormatters xmlns:xsi="http://www.w3.org/2001/XMLSchema-instance" xsi:noNamespaceSchemaLocation="opencms://system/modules/org.opencms.ade.config/schemas/formatters/new_formatter.xsd">
  <NewFormatter language="en">
    <NiceName><![CDATA[%(key.type.m-map.formatter.google)]]></NiceName>
    <Type><![CDATA[m-map]]></Type>
    <Key><![CDATA[m/element/map-google]]></Key>
    <KeyAlias><![CDATA[m/contact/map-google]]></KeyAlias>
    <Jsp>
      <link type="WEAK">
        <target><![CDATA[/system/modules/alkacon.mercury.template/formatters/element/map.jsp]]></target>
        <uuid>cca8d42a-827a-11ec-90e1-0242ac11002b</uuid>
      </link>
    </Jsp>
    <Description><![CDATA[%(key.type.m-map.description.formatter.google)]]></Description>
    <Rank><![CDATA[1000]]></Rank>
    <Match>
      <Types>
        <ContainerType><![CDATA[element]]></ContainerType>
        <ContainerType><![CDATA[m-element]]></ContainerType>
        <ContainerType><![CDATA[map]]></ContainerType>
      </Types>
    </Match>
    <AutoEnabled>false</AutoEnabled>
    <SearchContent>true</SearchContent>
    <StrictContainers>true</StrictContainers>
    <IncludeSettings>
      <link type="WEAK">
        <target><![CDATA[/system/modules/alkacon.mercury.template/configuration/shared-settings.xml]]></target>
        <uuid>77009936-87a5-42b3-86ff-90252ede0593</uuid>
      </link>
    </IncludeSettings>
    <Setting>
      <IncludeName><![CDATA[mapProvider.google]]></IncludeName>
    </Setting>
    <Setting>
      <IncludeName><![CDATA[cssWrapper.default]]></IncludeName>
    </Setting>
    <Setting>
      <IncludeName><![CDATA[cssWrapper2.default]]></IncludeName>
    </Setting>
    <Setting>
      <IncludeName><![CDATA[cssWrapper3.default]]></IncludeName>
    </Setting>
    <Setting>
      <IncludeName><![CDATA[hsize.element.2]]></IncludeName>
    </Setting>
    <Setting>
      <IncludeName><![CDATA[mapType.default]]></IncludeName>
    </Setting>
    <Setting>
      <IncludeName><![CDATA[mapRatio.sizeMobile.default]]></IncludeName>
    </Setting>
    <Setting>
      <IncludeName><![CDATA[mapRatio.sizeDesktop.default]]></IncludeName>
    </Setting>
    <Setting>
      <IncludeName><![CDATA[mapZoom.default]]></IncludeName>
    </Setting>
    <Setting>
      <IncludeName><![CDATA[mapMarkerCluster.default]]></IncludeName>
    </Setting>
    <Setting>
      <IncludeName><![CDATA[showDescription.true]]></IncludeName>
    </Setting>
    <Setting>
      <IncludeName><![CDATA[showLink.true]]></IncludeName>
    </Setting>
    <Setting>
      <IncludeName><![CDATA[showFacilities.false]]></IncludeName>
    </Setting>
    <Setting>
      <IncludeName><![CDATA[showGroupButtons.true]]></IncludeName>
    </Setting>
    <Setting>
      <IncludeName><![CDATA[showMapRoute.false]]></IncludeName>
    </Setting>
  </NewFormatter>
</NewFormatters>
