<?xml version="1.0" encoding="UTF-8"?>

<NewFormatters xmlns:xsi="http://www.w3.org/2001/XMLSchema-instance" xsi:noNamespaceSchemaLocation="opencms://system/modules/org.opencms.ade.config/schemas/formatters/new_formatter.xsd">
  <NewFormatter language="en">
    <NiceName><![CDATA[%(key.type.m-metainfo.formatter.default)]]></NiceName>
    <Type><![CDATA[m-metainfo]]></Type>
    <Key><![CDATA[m/element/meta-info]]></Key>
    <Jsp>
      <link type="WEAK">
        <target><![CDATA[/system/modules/alkacon.mercury.template/formatters/element/meta-info.jsp]]></target>
        <uuid>bfcede8b-81b3-462d-a663-9a158c2317c3</uuid>
      </link>
    </Jsp>
    <Description><![CDATA[%(key.type.m-metainfo.description.formatter)]]></Description>
    <Rank><![CDATA[1000]]></Rank>
    <Match>
      <Types>
        <ContainerType><![CDATA[element]]></ContainerType>
        <ContainerType><![CDATA[m-element]]></ContainerType>
      </Types>
    </Match>
    <AutoEnabled>false</AutoEnabled>
    <SearchContent>true</SearchContent>
    <StrictContainers>true</StrictContainers>
    <AlwaysApplyMetaMappings>true</AlwaysApplyMetaMappings>
    <MetaMapping>
      <Key><![CDATA[ogTitle]]></Key>
      <Element><![CDATA[Title]]></Element>
      <Order><![CDATA[9000]]></Order>
    </MetaMapping>
    <MetaMapping>
      <Key><![CDATA[Keywords]]></Key>
      <Element><![CDATA[Keywords]]></Element>
      <Order><![CDATA[9000]]></Order>
    </MetaMapping>
    <MetaMapping>
      <Key><![CDATA[canonicalURL]]></Key>
      <Element><![CDATA[CanonicalURL]]></Element>
      <Order><![CDATA[9000]]></Order>
    </MetaMapping>
    <MetaMapping>
      <Key><![CDATA[Robots]]></Key>
      <Element><![CDATA[Robots]]></Element>
      <Order><![CDATA[9000]]></Order>
    </MetaMapping>
    <MetaMapping>
      <Key><![CDATA[ogImage]]></Key>
      <Element><![CDATA[Image]]></Element>
      <Order><![CDATA[9000]]></Order>
    </MetaMapping>
    <MetaMapping>
      <Key><![CDATA[ogUrl]]></Key>
      <Element><![CDATA[Url]]></Element>
      <Order><![CDATA[9000]]></Order>
    </MetaMapping>
    <MetaMapping>
      <Key><![CDATA[ogDescription]]></Key>
      <Element><![CDATA[Description]]></Element>
      <Order><![CDATA[9000]]></Order>
    </MetaMapping>
    <MetaMapping>
      <Key><![CDATA[fbTitle]]></Key>
      <Element><![CDATA[Facebook/Title]]></Element>
      <Order><![CDATA[9000]]></Order>
    </MetaMapping>
    <MetaMapping>
      <Key><![CDATA[fbImage]]></Key>
      <Element><![CDATA[Facebook/Image]]></Element>
      <Order><![CDATA[9000]]></Order>
    </MetaMapping>
    <MetaMapping>
      <Key><![CDATA[fbUrl]]></Key>
      <Element><![CDATA[Facebook/Url]]></Element>
      <Order><![CDATA[9000]]></Order>
    </MetaMapping>
    <MetaMapping>
      <Key><![CDATA[fbDescription]]></Key>
      <Element><![CDATA[Facebook/Description]]></Element>
      <Order><![CDATA[9000]]></Order>
    </MetaMapping>
    <MetaMapping>
      <Key><![CDATA[fbType]]></Key>
      <Element><![CDATA[Facebook/Type]]></Element>
      <Order><![CDATA[9000]]></Order>
    </MetaMapping>
    <MetaMapping>
      <Key><![CDATA[fbSite]]></Key>
      <Element><![CDATA[Facebook/Site]]></Element>
      <Order><![CDATA[9000]]></Order>
    </MetaMapping>
    <MetaMapping>
      <Key><![CDATA[twTitle]]></Key>
      <Element><![CDATA[Twitter/Title]]></Element>
      <Order><![CDATA[9000]]></Order>
    </MetaMapping>
    <MetaMapping>
      <Key><![CDATA[twImage]]></Key>
      <Element><![CDATA[Twitter/Image]]></Element>
      <Order><![CDATA[9000]]></Order>
    </MetaMapping>
    <MetaMapping>
      <Key><![CDATA[twUrl]]></Key>
      <Element><![CDATA[Twitter/Url]]></Element>
      <Order><![CDATA[9000]]></Order>
    </MetaMapping>
    <MetaMapping>
      <Key><![CDATA[twDescription]]></Key>
      <Element><![CDATA[Twitter/Description]]></Element>
      <Order><![CDATA[9000]]></Order>
    </MetaMapping>
    <MetaMapping>
      <Key><![CDATA[twCard]]></Key>
      <Element><![CDATA[Twitter/Type]]></Element>
      <Order><![CDATA[9000]]></Order>
    </MetaMapping>
    <MetaMapping>
      <Key><![CDATA[twSite]]></Key>
      <Element><![CDATA[Twitter/Site]]></Element>
      <Order><![CDATA[9000]]></Order>
    </MetaMapping>
  </NewFormatter>
</NewFormatters>
