<?xml version="1.0" encoding="UTF-8"?>

<NewFormatters xmlns:xsi="http://www.w3.org/2001/XMLSchema-instance" xsi:noNamespaceSchemaLocation="opencms://system/modules/org.opencms.ade.config/schemas/formatters/new_formatter.xsd">
  <NewFormatter language="en">
    <NiceName><![CDATA[%(key.type.m-slider.formatter.logo)]]></NiceName>
    <Type><![CDATA[m-slider]]></Type>
    <Key><![CDATA[m/element/slider-logo]]></Key>
    <KeyAlias><![CDATA[m/element/slider-slick-logo]]></KeyAlias>
    <Jsp>
      <link type="WEAK">
        <target><![CDATA[/system/modules/alkacon.mercury.template/formatters/element/slider-embla.jsp]]></target>
        <uuid>0b1ade57-21e9-11ed-a9d9-0242ac11002b</uuid>
      </link>
    </Jsp>
    <Description><![CDATA[%(key.type.m-slider.description.formatter) %(key.type.m-slider.description.formatter.logo)]]></Description>
    <Rank><![CDATA[1450]]></Rank>
    <Match>
      <Types>
        <ContainerType><![CDATA[element]]></ContainerType>
        <ContainerType><![CDATA[m-element]]></ContainerType>
        <ContainerType><![CDATA[slider]]></ContainerType>
      </Types>
    </Match>
    <AutoEnabled>false</AutoEnabled>
    <SearchContent>true</SearchContent>
    <StrictContainers>true</StrictContainers>
    <IncludeSettings>
      <link type="WEAK">
        <target><![CDATA[/system/modules/alkacon.mercury.template/configuration/shared-settings.xml]]></target>
        <uuid>77009936-87a5-42b3-86ff-90252ede0593</uuid>
      </link>
    </IncludeSettings>
    <Setting>
      <IncludeName><![CDATA[cssWrapper.default]]></IncludeName>
    </Setting>
    <Setting>
      <IncludeName><![CDATA[cssWrapper2.default]]></IncludeName>
    </Setting>
    <Setting>
      <IncludeName><![CDATA[cssWrapper3.default]]></IncludeName>
    </Setting>
    <Setting>
      <IncludeName><![CDATA[hsize.element.0]]></IncludeName>
    </Setting>
    <Setting>
      <IncludeName><![CDATA[imageRatioSmall.slider.logo]]></IncludeName>
    </Setting>
    <Setting>
      <IncludeName><![CDATA[visibleSlides.slider]]></IncludeName>
    </Setting>
    <Setting>
      <IncludeName><![CDATA[rotationTime.default]]></IncludeName>
    </Setting>
    <Setting>
      <IncludeName><![CDATA[transitionSpeed.slider]]></IncludeName>
    </Setting>
    <Setting>
      <IncludeName><![CDATA[effect.slider.logo]]></IncludeName>
    </Setting>
    <Setting>
      <IncludeName><![CDATA[showImageCopyright.default]]></IncludeName>
    </Setting>
    <Setting>
      <IncludeName><![CDATA[showArrows.true]]></IncludeName>
    </Setting>
    <Setting>
      <IncludeName><![CDATA[sliderType.slider.logo]]></IncludeName>
    </Setting>
  </NewFormatter>
</NewFormatters>
