<?xml version="1.0" encoding="UTF-8"?>

<NewFormatters xmlns:xsi="http://www.w3.org/2001/XMLSchema-instance" xsi:noNamespaceSchemaLocation="opencms://system/modules/org.opencms.ade.config/schemas/formatters/new_formatter.xsd">
  <NewFormatter language="en">
    <NiceName><![CDATA[%(key.type.m-tab.formatter.accordion)]]></NiceName>
    <Type><![CDATA[m-tab]]></Type>
    <Key><![CDATA[m/element/tab-accordion]]></Key>
    <Jsp>
      <link type="WEAK">
        <target><![CDATA[/system/modules/alkacon.mercury.template/formatters/element/tab-accordion.jsp]]></target>
        <uuid>4117cfed-f31d-47fc-9bfb-5af36dc12979</uuid>
      </link>
    </Jsp>
    <Description><![CDATA[%(key.type.m-tab.description.formatter.accordion)]]></Description>
    <Rank><![CDATA[500]]></Rank>
    <Match>
      <Types>
        <ContainerType><![CDATA[element]]></ContainerType>
        <ContainerType><![CDATA[m-element]]></ContainerType>
        <ContainerType><![CDATA[tabs]]></ContainerType>
      </Types>
    </Match>
    <AutoEnabled>false</AutoEnabled>
    <SearchContent>true</SearchContent>
    <StrictContainers>true</StrictContainers>
    <IncludeSettings>
      <link type="WEAK">
        <target><![CDATA[/system/modules/alkacon.mercury.template/configuration/shared-settings.xml]]></target>
        <uuid>77009936-87a5-42b3-86ff-90252ede0593</uuid>
      </link>
    </IncludeSettings>
    <Setting>
      <IncludeName><![CDATA[cssWrapper.default]]></IncludeName>
    </Setting>
    <Setting>
      <IncludeName><![CDATA[cssWrapper2.default]]></IncludeName>
    </Setting>
    <Setting>
      <IncludeName><![CDATA[cssWrapper3.default]]></IncludeName>
    </Setting>
    <Setting>
      <IncludeName><![CDATA[hsize.element.2]]></IncludeName>
    </Setting>
    <Setting>
      <IncludeName><![CDATA[containerType.tab]]></IncludeName>
    </Setting>
    <Setting>
      <IncludeName><![CDATA[firstOpen.true]]></IncludeName>
    </Setting>
    <Setting>
      <IncludeName><![CDATA[multipleOpen.false]]></IncludeName>
    </Setting>
  </NewFormatter>
</NewFormatters>
