<?xml version="1.0" encoding="UTF-8"?>

<NewFormatters xmlns:xsi="http://www.w3.org/2001/XMLSchema-instance" xsi:noNamespaceSchemaLocation="opencms://system/modules/org.opencms.ade.config/schemas/formatters/new_formatter.xsd">
  <NewFormatter language="en">
    <NiceName><![CDATA[%(key.type.m-tab.formatter.tile)]]></NiceName>
    <Type><![CDATA[m-tab]]></Type>
    <Key><![CDATA[m/element/tab-tile]]></Key>
    <Jsp>
      <link type="WEAK">
        <target><![CDATA[/system/modules/alkacon.mercury.template/formatters/element/tab-tile.jsp]]></target>
        <uuid>b70c2f5c-2c87-11ee-a93c-0242ac11002b</uuid>
      </link>
    </Jsp>
    <Description><![CDATA[%(key.type.m-tab.description.formatter.tile)]]></Description>
    <Rank><![CDATA[400]]></Rank>
    <Match>
      <Types>
        <ContainerType><![CDATA[element]]></ContainerType>
        <ContainerType><![CDATA[m-element]]></ContainerType>
        <ContainerType><![CDATA[tabs]]></ContainerType>
      </Types>
    </Match>
    <AutoEnabled>false</AutoEnabled>
    <SearchContent>true</SearchContent>
    <StrictContainers>true</StrictContainers>
    <IncludeSettings>
      <link type="WEAK">
        <target><![CDATA[/system/modules/alkacon.mercury.template/configuration/shared-settings.xml]]></target>
        <uuid>77009936-87a5-42b3-86ff-90252ede0593</uuid>
      </link>
    </IncludeSettings>
    <Setting>
      <IncludeName><![CDATA[cssWrapper.default]]></IncludeName>
    </Setting>
    <Setting>
      <IncludeName><![CDATA[cssWrapper2.default]]></IncludeName>
    </Setting>
    <Setting>
      <IncludeName><![CDATA[cssWrapper3.default]]></IncludeName>
    </Setting>
    <Setting>
      <IncludeName><![CDATA[hsize.element.2]]></IncludeName>
    </Setting>
    <Setting>
      <IncludeName><![CDATA[itemsSmall.tab]]></IncludeName>
    </Setting>
    <Setting>
      <IncludeName><![CDATA[itemsLarge.tab]]></IncludeName>
    </Setting>
    <Setting>
      <IncludeName><![CDATA[rowWrapper.tab]]></IncludeName>
    </Setting>
    <Setting>
      <IncludeName><![CDATA[containerType.tab]]></IncludeName>
    </Setting>
    <Setting>
      <IncludeName><![CDATA[textBgColor.tab]]></IncludeName>
    </Setting>
    <Setting>
      <IncludeName><![CDATA[btnBgColor.tab]]></IncludeName>
    </Setting>
    <Setting>
      <IncludeName><![CDATA[imageRatio.imageflip]]></IncludeName>
    </Setting>
    <Setting>
      <IncludeName><![CDATA[textAlignment.default]]></IncludeName>
      <Default><![CDATA[pac]]></Default>
    </Setting>
    <Setting>
      <IncludeName><![CDATA[effect.rotate-only]]></IncludeName>
    </Setting>
    <Setting>
      <IncludeName><![CDATA[fullOverlay.tab]]></IncludeName>
    </Setting>
    <Setting>
      <IncludeName><![CDATA[firstOpen.true]]></IncludeName>
    </Setting>
    <Setting>
      <IncludeName><![CDATA[showButton.tab]]></IncludeName>
    </Setting>
    <Setting>
      <IncludeName><![CDATA[showBorder.tab]]></IncludeName>
    </Setting>
    <Setting>
      <IncludeName><![CDATA[showImageCopyright.default]]></IncludeName>
    </Setting>
  </NewFormatter>
</NewFormatters>
