<?xml version="1.0" encoding="UTF-8"?>

<FunctionConfigs xmlns:xsi="http://www.w3.org/2001/XMLSchema-instance" xsi:noNamespaceSchemaLocation="opencms://system/modules/org.opencms.ade.containerpage/schemas/function-v2.xsd">
  <FunctionConfig language="en">
    <NiceName><![CDATA[%(key.function.login)]]></NiceName>
    <Key><![CDATA[m/functions/login]]></Key>
    <Jsp>
      <link type="WEAK">
        <target><![CDATA[/system/modules/alkacon.mercury.template/functions/login.jsp]]></target>
        <uuid>b911ae50-fec1-4cc7-89ce-42fdbdf0cc2b</uuid>
      </link>
    </Jsp>
    <Description><![CDATA[%(key.function.login.help)]]></Description>
    <Match>
      <Types>
        <ContainerType><![CDATA[element]]></ContainerType>
        <ContainerType><![CDATA[m-element]]></ContainerType>
      </Types>
    </Match>
    <StrictContainers>true</StrictContainers>
    <IncludeSettings>
      <link type="WEAK">
        <target><![CDATA[/system/modules/alkacon.mercury.template/configuration/shared-settings.xml]]></target>
        <uuid>77009936-87a5-42b3-86ff-90252ede0593</uuid>
      </link>
    </IncludeSettings>
    <Setting>
      <IncludeName><![CDATA[cssWrapper.default]]></IncludeName>
    </Setting>
    <Setting>
      <IncludeName><![CDATA[cssWrapper2.default]]></IncludeName>
    </Setting>
    <Setting>
      <IncludeName><![CDATA[cssWrapper3.default]]></IncludeName>
    </Setting>
    <Setting>
      <IncludeName><![CDATA[formCssWrapper.default]]></IncludeName>
    </Setting>
    <Setting>
      <IncludeName><![CDATA[loginproject.login]]></IncludeName>
    </Setting>
    <Setting>
      <IncludeName><![CDATA[loginou.login]]></IncludeName>
    </Setting>
    <Setting>
      <IncludeName><![CDATA[loginpage.login]]></IncludeName>
    </Setting>
  </FunctionConfig>
</FunctionConfigs>
