<?xml version="1.0" encoding="UTF-8"?>

<FunctionConfigs xmlns:xsi="http://www.w3.org/2001/XMLSchema-instance" xsi:noNamespaceSchemaLocation="opencms://system/modules/org.opencms.ade.containerpage/schemas/function-v2.xsd">
  <FunctionConfig language="en">
    <NiceName><![CDATA[%(key.function.opencms-info)]]></NiceName>
    <Key><![CDATA[m/functions/opencms-info]]></Key>
    <Jsp>
      <link type="WEAK">
        <target><![CDATA[/system/modules/alkacon.mercury.template/functions/opencms-info.jsp]]></target>
        <uuid>a1902f59-8e8a-4d7a-9309-e3c53249557d</uuid>
      </link>
    </Jsp>
    <Description><![CDATA[%(key.function.opencms-info.help)]]></Description>
    <Match>
      <Types>
        <ContainerType><![CDATA[element]]></ContainerType>
        <ContainerType><![CDATA[m-element]]></ContainerType>
      </Types>
    </Match>
    <StrictContainers>true</StrictContainers>
    <IncludeSettings>
      <link type="WEAK">
        <target><![CDATA[/system/modules/alkacon.mercury.template/configuration/shared-settings.xml]]></target>
        <uuid>77009936-87a5-42b3-86ff-90252ede0593</uuid>
      </link>
    </IncludeSettings>
    <Setting>
      <IncludeName><![CDATA[cssWrapper.default]]></IncludeName>
    </Setting>
  </FunctionConfig>
</FunctionConfigs>
