<?xml version="1.0" encoding="UTF-8"?>

<FunctionConfigs xmlns:xsi="http://www.w3.org/2001/XMLSchema-instance" xsi:noNamespaceSchemaLocation="opencms://system/modules/org.opencms.ade.containerpage/schemas/function-v2.xsd">
  <FunctionConfig language="en">
    <NiceName><![CDATA[%(key.function.wallsio)]]></NiceName>
    <Key><![CDATA[m/functions/walls.io]]></Key>
    <Jsp>
      <link type="WEAK">
        <target><![CDATA[/system/modules/alkacon.mercury.template/functions/walls.io.jsp]]></target>
        <uuid>3c394f5f-eb93-11ea-999c-0242ac11002b</uuid>
      </link>
    </Jsp>
    <Description><![CDATA[%(key.function.wallsio.help)]]></Description>
    <Match>
      <Types>
        <ContainerType><![CDATA[element]]></ContainerType>
        <ContainerType><![CDATA[m-element]]></ContainerType>
      </Types>
    </Match>
    <StrictContainers>true</StrictContainers>
    <IncludeSettings>
      <link type="WEAK">
        <target><![CDATA[/system/modules/alkacon.mercury.template/configuration/shared-settings.xml]]></target>
        <uuid>77009936-87a5-42b3-86ff-90252ede0593</uuid>
      </link>
    </IncludeSettings>
    <Setting>
      <IncludeName><![CDATA[cssWrapper.default]]></IncludeName>
    </Setting>
    <Setting>
      <IncludeName><![CDATA[wallsioURL.default]]></IncludeName>
    </Setting>
    <Setting>
      <IncludeName><![CDATA[wallsioTheme.default]]></IncludeName>
    </Setting>
    <Setting>
      <IncludeName><![CDATA[wallsioColumns.default]]></IncludeName>
    </Setting>
    <Setting>
      <IncludeName><![CDATA[wallsioPosts.default]]></IncludeName>
    </Setting>
    <Setting>
      <IncludeName><![CDATA[wallsioShowLoadMore.default]]></IncludeName>
    </Setting>
    <Setting>
      <IncludeName><![CDATA[wallsioRemoveMargin.default]]></IncludeName>
    </Setting>
  </FunctionConfig>
</FunctionConfigs>
